Gene	s_log10_ci_low	s_log10_ci_high	s_log10_map	hs_log10_ci_low	hs_log10_ci_high	hs_log10_map	avg_hs_log10_ci_low	avg_hs_log10_ci_high	avg_hs_log10_map
ABCB7	-5.70183207	-2.19870763	-3.01915295	-6.24123673	-2.37666337	-3.44605037	-5.86273822	-2.31520617	-3.16373053
ABCD1	-1.07921977	-1.004e-05	-0.27488835	-1.62189507	-0.07657523	-0.67457984	-1.21498057	-0.05832955	-0.49095954
ACE2	-1.14499307	-0.04866027	-0.59682667	-1.72295352	-0.2513298	-0.95294195	-1.26658595	-0.20514624	-0.7621018
ACOT9	-5.79815585	-1.85257404	-2.73815939	-6.26548383	-2.0948492	-3.2219155	-5.93556156	-1.9709094	-2.82238375
ACRC	-1.83848827	-0.31802948	-1.10332139	-2.42772162	-0.61193667	-1.43477905	-1.94312319	-0.48447602	-1.20172804
ACSL4	-1.4115866	-0.25684059	-0.86215864	-2.00008704	-0.50515476	-1.1750753	-1.50016798	-0.42455897	-1.02806996
ACTRT1	-3.81764873	-1.818e-05	-0.54007909	-4.92764141	-0.01154263	-0.97800517	-3.99501152	-0.00608429	-0.67404638
AF196779.12	-1.24557729	-1.287e-05	-0.43907139	-1.79260855	-0.08495392	-0.7643434	-1.37470814	-0.05722864	-0.58520731
AFF2	-1.26623583	-0.18299241	-0.77119092	-1.84589293	-0.42262317	-1.07544525	-1.35229487	-0.35455969	-0.90079703
AGTR2	-5.86464391	-1.87737634	-2.89730566	-6.33617266	-2.06492014	-3.24214383	-6.00588919	-1.98222384	-3.02324739
AIFM1	-0.87968071	-4.571e-05	-0.19109044	-1.38420329	-0.05897525	-0.56342879	-0.99857488	-0.05022568	-0.32961994
AKAP14	-1.50391918	-1.354e-05	-0.45298273	-2.08686052	-0.05148616	-0.89043975	-1.62376386	-0.02704569	-0.56375768
AKAP4	-1.07625781	-7.72e-06	-0.35909492	-1.61229437	-0.0722763	-0.66225162	-1.20695615	-0.05418383	-0.48948442
ALAS2	-1.13239703	-6.611e-05	-0.38744247	-1.6750723	-0.08021662	-0.73896135	-1.26752537	-0.05930714	-0.53074222
ALG13	-1.09374674	-0.0392739	-0.54519538	-1.67601274	-0.23073076	-0.89887751	-1.21676805	-0.19373593	-0.72636893
AMELX	-2.27154164	-2.544e-05	-0.50374076	-2.81793476	-0.00232541	-0.88627636	-2.36158917	-0.00124438	-0.64914132
AMER1	-1.28183319	-0.19007066	-0.74994888	-1.86889502	-0.43251187	-1.10183425	-1.37353428	-0.3648768	-0.91712818
AMMECR1	-4.02115889	-0.00262949	-1.07983528	-4.73611769	-0.3069505	-1.4426344	-4.18349712	-0.15060828	-1.21847474
AMOT	-1.45218568	-0.40576546	-0.96310221	-2.03678559	-0.67897066	-1.27516859	-1.53628783	-0.59272843	-1.0847589
AP1S2	-2.19250065	-3.358e-05	-0.49684878	-2.76539442	-0.00653997	-0.88536861	-2.28591227	-0.00347309	-0.66093172
APEX2	-1.36621111	-4.69e-06	-0.40809232	-1.93573067	-0.07240451	-0.84795878	-1.49486513	-0.04572883	-0.55164638
APLN	-5.52444965	-0.07443613	-0.81614684	-6.11700535	-0.2860687	-1.33578109	-5.74249634	-0.18643979	-0.94351506
APOO	-1.25677916	-1.934e-05	-0.28710855	-1.81709831	-0.08087729	-0.7946008	-1.39406681	-0.06148596	-0.56120378
APOOL	-5.85133173	-1.92518045	-3.25719814	-6.32585722	-2.13876797	-3.35596297	-5.9884718	-2.03091069	-3.34060114
AR	-2.13352257	-0.79739052	-1.35870373	-2.70988909	-1.14062383	-1.67682589	-2.24105813	-0.99578489	-1.47569403
ARAF	-1.48811824	-0.27427786	-0.91584507	-2.06432313	-0.5295801	-1.25656364	-1.56975009	-0.43848603	-1.05080359
ARHGAP36	-1.18706095	-1.857e-05	-0.36250078	-1.74008001	-0.07953133	-0.72684339	-1.31920162	-0.05800703	-0.50559033
ARHGAP4	-1.54533847	-0.4548795	-1.01359523	-2.15647906	-0.74297425	-1.3531354	-1.62784231	-0.62652794	-1.14772292
ARHGAP6	-1.23176318	-0.0625219	-0.66879516	-1.82085416	-0.2788112	-1.01311737	-1.35419259	-0.22187592	-0.78164601
ARHGEF6	-0.82885087	-1.154e-05	-0.14970856	-1.3377451	-0.05425373	-0.56007412	-0.94682231	-0.04652734	-0.32035711
ARHGEF9	-1.06443959	-2.28e-06	-0.32278593	-1.5910778	-0.07807425	-0.79133406	-1.19673306	-0.06007762	-0.47967426
ARL13A	-5.65334616	-1.00237433	-1.64396872	-6.09975371	-1.30098576	-2.00148312	-5.79662478	-1.14673552	-1.76558033
ARMCX1	-4.16579655	-0.00062978	-1.02902157	-4.85934743	-0.26407682	-1.39706085	-4.67229936	-0.12226699	-1.15886502
ARMCX2	-2.63989963	-9.344e-05	-0.52181797	-3.12037279	-0.00463318	-0.91752504	-2.73032217	-0.0028257	-0.66312317
ARMCX3	-5.04282656	-5.643e-05	-0.58449933	-5.20834436	-0.0044606	-0.97700256	-4.70442369	-0.00279194	-0.71054202
ARMCX5	-3.7121656	-0.00046483	-0.99976889	-4.40071226	-0.21874817	-1.37821822	-3.88717539	-0.09534711	-1.14269306
ARMCX6	-3.88732282	-2.954e-05	-0.54369853	-4.33799726	-0.00628771	-0.99499034	-4.16394377	-0.00374155	-0.70232187
ARR3	-1.6746981	-0.32107859	-1.05114747	-2.26183135	-0.60350746	-1.37906835	-1.77185635	-0.48804163	-1.17659628
ARSD	-1.93622112	-0.31364184	-1.13212164	-2.53392385	-0.59899242	-1.43139312	-2.03586695	-0.46863867	-1.2294291
ARSE	-1.4696723	-0.09479681	-0.84581954	-2.05080014	-0.32742369	-1.22242298	-1.58212557	-0.2514822	-0.9571876
ARSF	-5.77803158	-1.82232786	-2.68830103	-6.24991058	-2.06364427	-3.04373203	-5.91633416	-1.945557	-2.82280314
ARSH	-5.84098883	-1.90271051	-2.7751844	-6.32632291	-2.11145941	-3.27218438	-5.98748304	-2.01862841	-2.961823
ARX	-2.95957411	-8.18e-06	-0.55282823	-3.75745962	-0.00895716	-0.93598642	-2.9803969	-0.00490464	-0.71550124
ASB11	-5.80198681	-1.77939016	-4.22895378	-6.36540658	-1.94922396	-4.655453	-5.96268231	-1.89048558	-4.46683625
ASB12	-5.80220206	-1.35896155	-2.04432414	-6.27793022	-1.59628012	-2.49964379	-5.94666709	-1.47783775	-2.19020254
ASB9	-2.68873771	-4.281e-05	-0.52554409	-3.1421654	-0.01288359	-0.90562727	-2.77885655	-0.00808583	-0.66132298
ATG4A	-1.10966187	-1.56e-05	-0.32282179	-1.66100049	-0.07799918	-0.75080456	-1.24184721	-0.05852902	-0.47447942
ATP11C	-0.98591869	-0.02002679	-0.42099164	-1.56391279	-0.2001564	-0.78837249	-1.11300234	-0.16796367	-0.6139634
ATP1B4	-5.64822388	-1.35665397	-1.89911332	-6.11720497	-1.65942545	-2.24766174	-5.78921237	-1.50118147	-2.01459262
ATP2B3	-1.09691861	-0.03681546	-0.62097686	-1.67114797	-0.23275879	-0.88517747	-1.21770071	-0.19397967	-0.67996047
ATP6AP1	-1.19138542	-2.106e-05	-0.36926036	-1.74949749	-0.08137742	-0.7571177	-1.32560941	-0.05926452	-0.48171159
ATP6AP2	-1.31113449	-4.4e-07	-0.3634126	-1.87717795	-0.08135728	-0.79597325	-1.43889635	-0.05220035	-0.59803844
ATP7A	-0.76455021	-8.14e-06	-0.12160755	-1.25081388	-0.04927167	-0.49778628	-0.87560153	-0.04203426	-0.297769
ATRX	-1.16821896	-0.34908969	-0.80137332	-1.80609747	-0.63093202	-1.08155235	-1.23380197	-0.55151746	-0.90544548
AVPR2	-4.08668943	-0.00015028	-0.58822787	-5.00956117	-0.00689026	-1.01814709	-4.17879349	-0.00442396	-0.74995865
AWAT1	-1.31253573	-1.589e-05	-0.38118603	-1.88671188	-0.07848071	-0.78495928	-1.43932011	-0.05100511	-0.59050576
AWAT2	-1.33156945	-7.324e-05	-0.37212654	-1.89604572	-0.07667809	-0.87594609	-1.4630868	-0.04862944	-0.51321712
BCAP31	-1.71509823	-1.65e-06	-0.46535653	-2.31983622	-0.0161249	-0.86956251	-1.81526043	-0.00428679	-0.60515319
BCOR	-0.7522708	-2.15e-06	-0.08746831	-1.22583543	-0.04250996	-0.47175547	-0.86176981	-0.03513059	-0.30007584
BCORL1	-0.75574966	-2.665e-05	-0.17165187	-1.24233715	-0.04580763	-0.4954018	-0.86969957	-0.0383273	-0.30326461
BEND2	-1.60476699	-0.30652972	-0.98604785	-2.19155588	-0.57560833	-1.34621561	-1.70067385	-0.47123448	-1.1343029
BEX1	-5.39388007	-9.97e-05	-0.79824477	-5.99331751	-0.19856866	-1.21286244	-5.62133492	-0.09339388	-0.94151348
BEX2	-3.67838937	-8.241e-05	-0.57012998	-4.85280187	-0.00548657	-0.94601043	-4.66242557	-0.00327902	-0.67377199
BEX4	-4.24223924	-7.162e-05	-0.55073761	-4.65239928	-0.00271781	-0.97363435	-4.40954924	-0.00175689	-0.69382928
BEX5	-5.87127816	-0.9911991	-3.28664814	-6.36129608	-1.17676452	-3.96736004	-6.02459711	-1.09059372	-3.43354463
BGN	-3.7493232	-0.00017013	-1.01121813	-4.51651807	-0.2243862	-1.37663637	-3.91890559	-0.0964359	-1.146941
BHLHB9	-1.89534823	-0.0001051	-0.47631492	-2.48046365	-0.01015358	-0.87679207	-1.99154603	-0.00599828	-0.59372876
BMP15	-5.82594455	-1.77052907	-2.75878183	-6.29167081	-2.00270466	-3.10785583	-5.9620798	-1.88312476	-2.79654593
BMX	-1.49215309	-0.28105884	-0.93522654	-2.06564626	-0.53338449	-1.29206608	-1.58243752	-0.44510177	-1.11624746
BRCC3	-4.92708627	-0.53459291	-1.40672736	-5.31173911	-0.90698351	-1.7460637	-5.08537423	-0.7157395	-1.5397504
BRS3	-1.3475762	-3.898e-05	-0.44604645	-1.92019999	-0.07271407	-0.84388189	-1.47772908	-0.04680749	-0.60140451
BRWD3	-0.94824718	-0.0635575	-0.52921321	-1.52008938	-0.28373315	-0.82475247	-1.04192027	-0.23293534	-0.65520641
BTK	-0.89034706	-3.7e-07	-0.25602451	-1.39502104	-0.05837535	-0.57490663	-1.0111441	-0.04736893	-0.33882911
C1GALT1C1	-2.90244847	-5.409e-05	-0.5903716	-3.67289022	-0.00453926	-0.98243525	-3.02402251	-0.00338118	-0.73858018
CA5B	-5.8290638	-1.70106871	-2.66811996	-6.30176808	-1.91753213	-2.99495893	-5.96394614	-1.80893125	-2.74460896
CACNA1F	-1.50913843	-0.75971301	-1.18465488	-2.1577028	-1.05486194	-1.44226498	-1.5731429	-0.96795818	-1.27814163
CAPN6	-1.2588568	-0.07110136	-0.65843081	-1.84955069	-0.2946032	-1.02529185	-1.37424808	-0.22692639	-0.84718005
CASK	-0.78596787	-2.31e-06	-0.18803099	-1.27550054	-0.04943441	-0.51290218	-0.89922151	-0.04300841	-0.30087448
CCDC120	-5.02906542	-0.66158559	-1.48085965	-5.46765074	-1.01653528	-1.84112756	-5.17044724	-0.82902007	-1.60020778
CCDC160	-5.85993017	-1.62360253	-2.64795141	-6.33698089	-1.82816392	-3.55494489	-6.00063804	-1.72937089	-2.70899383
CCDC22	-0.97573018	-1.377e-05	-0.25442918	-1.4968144	-0.07036851	-0.69363984	-1.10136682	-0.05766139	-0.37777029
CCNB3	-1.51356014	-0.43972361	-1.0080144	-2.12606291	-0.72396031	-1.32849424	-1.59410134	-0.61483468	-1.17286982
CD40LG	-5.51916795	-0.54714602	-1.38039903	-5.9956262	-0.86971391	-1.72071313	-5.67679845	-0.69333895	-1.50627977
CD99L2	-1.78698358	-0.32378934	-1.07737598	-2.38818982	-0.60046129	-1.43749026	-1.88256252	-0.48255479	-1.211577
CDK16	-0.89873502	-1.345e-05	-0.19278657	-1.42069425	-0.06082596	-0.63131696	-1.02302811	-0.05055591	-0.36762267
CDKL5	-1.7564152	-0.80430895	-1.27241129	-2.3716623	-1.09684979	-1.56150108	-1.82727991	-0.98971857	-1.37299568
CDX4	-5.88615131	-1.98909077	-3.6034743	-6.37566928	-2.16273122	-4.27521443	-6.02778866	-2.08945038	-3.81859954
CENPI	-2.28871269	-0.7909551	-1.38226567	-2.84257187	-1.1346188	-1.70393649	-2.39749248	-0.98582382	-1.50096904
CETN2	-2.77240635	-6.241e-05	-0.54372986	-3.56888279	-0.01229625	-0.93971887	-2.90907958	-0.00795653	-0.67816583
CFP	-1.84113429	-0.55112241	-1.21516912	-2.46451641	-0.87085481	-1.53397085	-1.93778041	-0.72535515	-1.32218063
CHDC2	-5.65916279	-1.34681099	-2.05115113	-6.12791543	-1.63483243	-2.45662267	-5.7988626	-1.48201237	-2.17533274
CHIC1	-4.68417744	-3.126e-05	-0.60730207	-5.03240487	-0.00826035	-1.07238538	-4.808437	-0.00702869	-0.77633814
CHM	-0.94900098	-5.96e-06	-0.27053921	-1.47149769	-0.06041108	-0.65804777	-1.07084963	-0.0500432	-0.35333125
CHRDL1	-1.29847402	-0.07553578	-0.70798668	-1.87819373	-0.29642592	-1.05272572	-1.41236572	-0.2301637	-0.79776372
CHST7	-2.71602178	-2.253e-05	-0.50867257	-3.48424383	-0.00475191	-0.95077403	-3.16622749	-0.00307333	-0.65101144
CITED1	-5.88254717	-1.90753471	-3.06927146	-6.3698491	-2.09884202	-4.62457854	-6.02154788	-2.00539174	-3.12870759
CLCN4	-1.09135506	-2.191e-05	-0.29658966	-1.63339429	-0.08362863	-0.77379925	-1.22749412	-0.05922128	-0.41863064
CLCN5	-5.75441574	-2.00336095	-3.0246258	-6.20335537	-2.25518834	-3.4074431	-5.89656676	-2.12996376	-3.184516
CLDN2	-5.07214647	-9.27e-06	-0.58211683	-5.24980889	-0.00753091	-1.04504729	-5.21557918	-0.00392379	-0.74080909
CLIC2	-5.33043175	-0.19977905	-1.22926923	-5.82622744	-0.52308792	-1.5912304	-5.50496089	-0.34317851	-1.35232665
CMC4	-5.46701846	-0.01922501	-0.76576114	-6.07453661	-0.23210889	-1.25617079	-5.70651251	-0.13024556	-0.91159325
CNGA2	-5.54141182	-1.36844536	-2.04929778	-5.99598526	-1.69391204	-2.4595758	-5.67816429	-1.52282301	-2.10708918
CNKSR2	-0.78470762	-1.349e-05	-0.11122998	-1.27510459	-0.04627087	-0.48685526	-0.89735036	-0.03697769	-0.31095948
COL4A5	-1.09985399	-0.11329699	-0.66967108	-1.68392232	-0.34557729	-0.93540954	-1.18441109	-0.28308766	-0.74580594
COL4A6	-1.38061624	-0.51969126	-0.98993494	-2.01565188	-0.79579569	-1.30240263	-1.45689436	-0.72134128	-1.13217855
COX7B	-4.99652982	-2.658e-05	-0.61933854	-5.45873185	-0.03477568	-1.05639791	-5.13902975	-0.00141011	-0.75223667
CSTF2	-0.95288432	-9.1e-06	-0.19554808	-1.4734648	-0.06964255	-0.62891178	-1.07758219	-0.0530193	-0.40318997
CT45A1	-5.69872617	-0.23652078	-1.11628271	-6.23240321	-0.41671674	-2.14612739	-5.87860759	-0.33047553	-1.30931186
CT45A5	-5.89055336	-2.13351362	-4.74543834	-6.50163401	-2.26456441	-5.07044606	-6.05091392	-2.22040166	-4.86476391
CT47B1	-5.89255598	-2.2229408	-3.9570947	-6.37400659	-2.42197741	-4.26882812	-6.0337901	-2.33003835	-3.97148297
CT55	-3.30904365	-8.284e-05	-0.59298333	-3.95143826	-0.00741628	-0.99588473	-3.51666595	-0.00450629	-0.73105249
CT83	-5.62173242	-0.14298878	-0.91349336	-6.19327324	-0.34581114	-1.41434549	-5.82432235	-0.2476066	-1.06442467
CTAG2	-5.53781175	-0.08046072	-0.85459562	-6.1106501	-0.28312972	-1.3272814	-5.75409705	-0.18893525	-0.99501073
CTPS2	-0.98051852	-1.008e-05	-0.21648123	-1.51027826	-0.07203001	-0.65372882	-1.10829027	-0.05933611	-0.4021875
CUL4B	-0.8504647	-1.023e-05	-0.12552604	-1.35621896	-0.05747802	-0.60837039	-0.96860505	-0.04640355	-0.37419889
CXCR3	-5.85487107	-1.97707914	-3.73595585	-6.44112582	-2.0971175	-4.25023467	-6.01062252	-2.07293502	-3.93345386
CXorf21	-4.44478275	-9.985e-05	-0.53648572	-5.02451891	-0.00548964	-0.99170906	-4.34745306	-0.00381506	-0.66789049
CXorf22	-0.93829614	-4.96e-06	-0.23566207	-1.45910181	-0.06107664	-0.59817106	-1.06320653	-0.05162186	-0.399694
CXorf23	-1.19857785	-0.05793629	-0.67520184	-1.77714608	-0.27439353	-0.97585019	-1.31897863	-0.21551762	-0.78410705
CXorf30	-2.05834253	-5.91e-06	-0.53227234	-2.58259177	-0.01716045	-0.97158647	-2.16471438	-0.00942877	-0.64725991
CXorf36	-5.80496054	-1.58457581	-2.51450837	-6.2784819	-1.82508681	-2.97549107	-5.94253568	-1.69935487	-2.49709342
CXorf38	-5.8282922	-1.809065	-2.43685092	-6.3163483	-2.03562297	-2.8960537	-5.9686548	-1.92654519	-2.53860494
CXorf40A	-5.33006338	-2.597e-05	-0.66973119	-5.89486846	-0.1493644	-1.13821026	-5.52059678	-0.04331595	-0.82518574
CXorf40B	-5.47543224	-0.02521011	-0.79095372	-6.06262901	-0.22011671	-1.23228436	-5.7048979	-0.13441151	-0.9303447
CXorf56	-1.32213375	-1.048e-05	-0.41354859	-1.90461328	-0.07943476	-0.82964159	-1.45299704	-0.05292521	-0.59901563
CXorf57	-3.8957598	-0.95060953	-1.64929944	-4.37259803	-1.3338701	-1.99203472	-4.05620714	-1.16013879	-1.74617497
CXorf58	-5.83452325	-2.1158671	-2.86254965	-6.39796498	-2.2207717	-3.30922892	-5.99347705	-2.21048066	-2.98500102
CXorf64	-5.53191523	-0.06612852	-0.84506914	-6.11135	-0.2723661	-1.31769873	-5.74967204	-0.17588791	-1.00824803
CXorf65	-2.05445373	-5.364e-05	-0.50045366	-2.64040021	-0.00808349	-0.89191433	-2.14888203	-0.00490333	-0.62269534
CXorf66	-5.41597985	-0.00163976	-0.76363133	-6.02834069	-0.20437433	-1.23746903	-5.65124153	-0.10910453	-0.91126966
CYBB	-0.92590741	-3.3e-07	-0.22261505	-1.44338094	-0.06487186	-0.58654666	-1.05070402	-0.05424638	-0.3094852
CYLC1	-1.30230162	-8.183e-05	-0.44974336	-1.86480849	-0.07829469	-0.83271694	-1.43366509	-0.05329091	-0.53842241
CYSLTR1	-5.86164116	-1.95188694	-3.80062805	-6.31769815	-2.15490558	-4.03994373	-5.99723464	-2.05487708	-3.86934778
DACH2	-3.03307455	-0.16053178	-1.20585476	-3.61176826	-0.52854476	-1.54538565	-3.17468357	-0.32934257	-1.33256001
DCAF12L1	-1.46786938	-2.831e-05	-0.44170085	-2.0323315	-0.05609637	-0.84931626	-1.58935274	-0.03419507	-0.55671977
DCAF12L2	-2.63035554	-8.473e-05	-0.97083705	-3.23359613	-0.21616054	-1.33664151	-2.79341642	-0.09798544	-1.12179094
DCAF8L2	-1.42257181	-5.7e-07	-0.48098798	-2.00595674	-0.06148481	-0.92778708	-1.54760977	-0.03610224	-0.6231563
DCX	-5.42038515	-1.01196838	-1.70717122	-5.86620229	-1.34521972	-2.06586004	-5.56353547	-1.17541211	-1.82781216
DDX26B	-1.30858465	-0.20950571	-0.83518975	-1.8839113	-0.44864927	-1.12358253	-1.39761917	-0.37555169	-0.95516018
DDX3X	-0.94704531	-1.378e-05	-0.17272689	-1.4650717	-0.06811079	-0.57536922	-1.07312231	-0.05621356	-0.33169825
DDX53	-5.26542486	-3.874e-05	-0.66736372	-5.80341085	-0.11769561	-1.07054065	-5.43078874	-0.01582742	-0.8103288
DGAT2L6	-5.76835598	-1.84050113	-2.63314932	-6.32358513	-1.98738927	-3.31318268	-5.92680091	-1.94532182	-2.79393506
DIAPH2	-4.22906607	-1.23516705	-1.87376039	-4.69815721	-1.60666289	-2.19237719	-4.3524216	-1.44808894	-1.97159203
DKC1	-0.90063967	-7.53e-06	-0.20127195	-1.4109189	-0.05961158	-0.60443057	-1.02084775	-0.05155319	-0.33102461
DLG3	-0.82737316	-7.23e-06	-0.1355484	-1.32081097	-0.05338277	-0.56528346	-0.94389727	-0.04343609	-0.30676114
DMD	-1.3003698	-0.66611444	-1.03488535	-1.97215363	-0.97114066	-1.28220084	-1.35406331	-0.88911713	-1.13088262
DMRTC1	-5.88322024	-1.0483444	-2.14756164	-6.36672427	-1.22616935	-3.58579675	-6.03490226	-1.14356377	-2.32251242
DNASE1L1	-4.21102285	-0.00012415	-1.04654868	-4.63954344	-0.23787615	-1.3991375	-4.41667592	-0.10655957	-1.18043247
DOCK11	-1.66863349	-0.95492936	-1.3543852	-2.32530936	-1.26694042	-1.61380869	-1.73481572	-1.17184315	-1.43066856
DRP2	-1.91055332	-0.96715235	-1.43264625	-2.54746111	-1.29654625	-1.72848608	-2.00391516	-1.17147529	-1.55256246
DUSP9	-4.21508226	-7.787e-05	-0.56639785	-4.63271889	-0.01466084	-0.99347772	-4.33956056	-0.0101818	-0.7028824
DYNLT3	-5.15232467	-7.308e-05	-0.66120271	-5.66042398	-0.080988	-1.06794522	-5.30121879	-0.00532899	-0.79338917
EBP	-1.44788649	-1.1e-06	-0.39628959	-2.03243064	-0.05896758	-0.83807881	-1.57054982	-0.03296804	-0.52071749
EDA	-1.36698009	-5.587e-05	-0.3216851	-1.94142314	-0.06771048	-0.84795799	-1.49585572	-0.0447959	-0.62108869
EDA2R	-5.86701416	-1.96612964	-3.37166007	-6.34767156	-2.17685391	-3.73899238	-6.00827697	-2.07088114	-3.51432065
EFHC2	-1.08974186	-4.777e-05	-0.35320867	-1.62305344	-0.07660822	-0.67577206	-1.22216512	-0.05751739	-0.47161436
EFNB1	-1.74557254	-2.74e-06	-0.49360244	-2.33825634	-0.01268422	-0.85586346	-1.84288566	-0.00167582	-0.60816765
EGFL6	-5.67906247	-1.62544597	-2.30466861	-6.13765139	-1.92320954	-2.66097797	-5.81689681	-1.76492843	-2.42860581
EIF1AX	-1.61888259	-4.735e-05	-0.45145333	-2.20527203	-0.03098861	-0.85187481	-1.71729031	-0.00476796	-0.57218233
EIF2S3	-5.76911405	-1.63890146	-2.34954098	-6.25075906	-1.89573436	-2.83629057	-5.91591748	-1.76623956	-2.47426177
ELF4	-2.36456111	-0.43017801	-1.28990383	-3.06480702	-0.80248165	-1.61793177	-2.47816018	-0.60920315	-1.42148833
ELK1	-2.73070551	-2.389e-05	-0.53032322	-3.20645302	-0.00760554	-0.91497093	-2.82579284	-0.00414135	-0.64793135
EMD	-2.14493365	-1.76e-06	-0.45800287	-2.735068	-0.00366429	-0.90638353	-2.23408553	-0.00218865	-0.66263723
ENOX2	-1.72113191	-0.52889681	-1.1414752	-2.34442484	-0.83064796	-1.46556793	-1.81107067	-0.70361179	-1.2664502
ERAS	-5.31682024	-3.962e-05	-0.67933936	-5.8906824	-0.15340692	-1.0943273	-5.50977564	-0.04745602	-0.81881635
ERCC6L	-1.32499048	-0.21240448	-0.81396467	-1.90809065	-0.45984196	-1.11751725	-1.41274073	-0.38127386	-0.93050554
ESX1	-3.69785756	-1.248e-05	-0.54113128	-4.70083287	-0.01435272	-0.96013875	-4.46302699	-0.00899586	-0.67454074
F8	-0.81541574	-0.00672866	-0.34482382	-1.36754208	-0.14934903	-0.63682979	-0.93859493	-0.13318275	-0.48904026
F9	-1.00774453	-5.2e-06	-0.26557593	-1.53362243	-0.07252597	-0.7046236	-1.1354832	-0.05712706	-0.41120924
FAAH2	-5.82539323	-2.05394476	-2.85958282	-6.38927573	-2.18230708	-3.30478383	-5.99233795	-2.15523619	-3.00438876
FAM104B	-5.49708605	-0.05906627	-0.81878079	-6.09567314	-0.26750325	-1.29961151	-5.71916114	-0.16879494	-0.96573311
FAM120C	-0.80052569	-4.61e-06	-0.1761681	-1.29453681	-0.05425109	-0.57486485	-0.91639263	-0.04543477	-0.30436118
FAM122B	-3.33387064	-0.00011355	-0.99616049	-3.94603846	-0.19954709	-1.35121317	-3.51324067	-0.08361329	-1.13984288
FAM122C	-5.6661965	-0.77677607	-1.54847399	-6.13034948	-1.06183991	-1.91126187	-5.81882693	-0.91748663	-1.66526958
FAM127A	-5.48618717	-0.04714487	-0.77803118	-6.07374523	-0.25354072	-1.31110791	-5.71620263	-0.15674849	-0.89828834
FAM127B	-5.51250345	-0.06731721	-0.83422794	-6.09900254	-0.28539604	-1.27419331	-5.73235938	-0.17743085	-0.97263629
FAM133A	-5.55107893	-0.38989262	-1.38085958	-6.02242319	-0.68397881	-1.73239413	-5.71312926	-0.52405558	-1.50199241
FAM155B	-1.58765816	-1.537e-05	-0.48686052	-2.1794768	-0.03562993	-0.90043595	-1.69412059	-0.01260515	-0.58645566
FAM199X	-1.2845737	-3.727e-05	-0.35025635	-1.8573895	-0.07668238	-0.83385473	-1.41933265	-0.05723302	-0.47363154
FAM3A	-5.34708861	-0.194659	-1.19201959	-5.85695069	-0.52114516	-1.57188266	-5.52485284	-0.33811236	-1.32660739
FAM46D	-4.5695454	-2.862e-05	-0.54601868	-4.9717723	-0.01287644	-1.01980253	-4.26590756	-0.00774049	-0.67255726
FAM50A	-1.10511617	-8e-06	-0.34447042	-1.63376899	-0.08041203	-0.71886365	-1.23410393	-0.0572562	-0.43302761
FAM58A	-2.71251284	-8.087e-05	-0.53632903	-3.89040306	-0.00394555	-0.9374218	-2.9140261	-0.00322478	-0.67887215
FAM9A	-5.8635831	-2.09201743	-3.31104976	-6.4214499	-2.20955784	-4.57048388	-6.01784054	-2.19110385	-4.38939825
FAM9B	-5.7885659	-1.31609183	-1.93184241	-6.27177712	-1.55717071	-2.35382166	-5.9357451	-1.43878887	-2.03928121
FAM9C	-5.88191887	-2.25782214	-4.10528513	-6.45829722	-2.372017	-4.60677364	-6.03602042	-2.35496589	-4.23719461
FANCB	-1.05064187	-2.523e-05	-0.26047961	-1.57668352	-0.08135757	-0.69565364	-1.18387755	-0.06145883	-0.39676556
FATE1	-5.80245889	-1.472031	-2.17139679	-6.29380152	-1.70639523	-2.55738235	-5.94662987	-1.58718807	-2.29236328
FGD1	-0.86989908	-1.725e-05	-0.16940537	-1.38613704	-0.05746325	-0.58928732	-0.98902851	-0.04802582	-0.3451005
FGF13	-1.67053139	-0.09216295	-0.88613011	-2.27095712	-0.34045168	-1.18747714	-1.7938853	-0.25076259	-1.02486365
FGF16	-3.17097308	-6.662e-05	-0.58215959	-4.12560253	-0.01045539	-0.99467722	-3.92902853	-0.00719653	-0.69620941
FHL1	-1.32722372	-7.71e-06	-0.44439337	-1.89238919	-0.07917929	-0.86955284	-1.45036101	-0.04919287	-0.52534741
FIGF	-5.56296529	-1.20277042	-1.86427176	-6.01303289	-1.51927226	-2.23254204	-5.70365945	-1.35600804	-1.97341508
FLNA	-0.81202979	-0.00386747	-0.34149606	-1.34858233	-0.15148089	-0.66104651	-0.9330041	-0.12961598	-0.47845245
FMR1	-5.84277689	-1.96587814	-3.51191691	-6.38989267	-2.10250454	-3.79136878	-5.99842692	-2.0652908	-3.61295716
FMR1NB	-1.69556857	-1.668e-05	-0.45120388	-2.29580849	-0.02079666	-0.85807435	-1.79444367	-0.00232833	-0.58243503
FOXO4	-1.32925567	-9.57e-06	-0.42551215	-1.91078146	-0.07545113	-0.84814062	-1.46219901	-0.0512433	-0.61727221
FOXP3	-1.15370774	-1.075e-05	-0.43705279	-1.70272651	-0.08527736	-0.8031692	-1.28620038	-0.0592968	-0.52315069
FRMD7	-1.54649649	-0.28958807	-0.90447003	-2.11510011	-0.54198353	-1.2727387	-1.63597212	-0.44813202	-1.11118295
FRMPD3	-2.02022189	-1.13378111	-1.53392993	-2.62680008	-1.47454693	-1.83574084	-2.10990436	-1.36035555	-1.6452285
FRMPD4	-0.82889474	-1.174e-05	-0.12654684	-1.32723944	-0.05189766	-0.53713936	-0.94396266	-0.04196439	-0.33150527
FTSJ1	-1.14494245	-1.168e-05	-0.36729877	-1.69153013	-0.08426696	-0.65484539	-1.27573468	-0.05769866	-0.51058472
FUNDC1	-2.58217029	-2.015e-05	-0.51357045	-3.27602223	-0.00565154	-0.91761233	-2.68051896	-0.00305249	-0.67215976
FUNDC2	-1.98938421	-1.578e-05	-0.48086975	-2.56412774	-0.00637712	-0.87737499	-2.08036587	-0.00561144	-0.62699518
G6PD	-1.06069164	-1.15e-06	-0.3120338	-1.59766123	-0.07650612	-0.71651225	-1.1935678	-0.05949605	-0.47214811
GAB3	-1.38339044	-0.09349842	-0.74362241	-1.96453154	-0.31623213	-1.10480703	-1.4914757	-0.23889475	-0.88263605
GABRA3	-5.8724696	-2.17498879	-3.54280885	-6.43739169	-2.29490918	-4.3186449	-6.02645373	-2.2664165	-3.60215144
GABRE	-5.79155366	-1.68642632	-2.53880833	-6.25602866	-1.9347244	-2.96596231	-5.93369764	-1.81021719	-2.60760768
GABRQ	-2.91072063	-0.58234274	-1.40160821	-3.46261011	-0.96604625	-1.71167892	-3.04026128	-0.77519944	-1.51023232
GAGE1	-5.59743554	-0.12494474	-0.88101255	-6.17544601	-0.32440261	-1.34325013	-5.80543593	-0.2276095	-1.00050396
GAGE10	-5.82743259	-1.4896849	-2.80293713	-6.30311122	-1.71194954	-3.01586691	-5.968189	-1.59865788	-2.91738575
GAGE12J	-5.51464247	-0.06849784	-0.82337333	-6.09593934	-0.28105694	-1.34218039	-5.7314032	-0.18071906	-0.97605966
GAGE13	-5.6722057	-0.19715118	-1.16185507	-6.22731282	-0.37951468	-1.50026444	-5.863179	-0.29302701	-1.23862588
GAGE2B	-5.55112223	-0.08545024	-0.90878159	-6.13497442	-0.29553996	-1.31342303	-5.76414382	-0.19560837	-1.00812161
GAGE2C	-5.66271212	-0.18488415	-0.99983708	-6.20221274	-0.36981105	-1.54844606	-5.85440782	-0.28271752	-1.1597622
GATA1	-1.57227325	-1e-05	-0.47252847	-2.1561508	-0.03938745	-0.87703712	-1.68081401	-0.01647385	-0.55329092
GDI1	-1.12524227	-3e-06	-0.27192634	-1.66509468	-0.07739571	-0.7228326	-1.25741977	-0.05666358	-0.54207566
GDPD2	-0.89901748	-1.341e-05	-0.22653706	-1.42702227	-0.06266696	-0.55964862	-1.02125806	-0.05466819	-0.38934314
GEMIN8	-1.33373015	-3.1e-06	-0.39761376	-1.89932025	-0.07221301	-0.86654014	-1.45810758	-0.04673889	-0.53316633
GJB1	-2.61791601	-5.105e-05	-0.50394806	-3.14890046	-0.0063434	-0.92689041	-2.71377941	-0.00442241	-0.64411728
GK	-0.92266418	-1.645e-05	-0.27656696	-1.4387132	-0.06219777	-0.60372445	-1.04563894	-0.05112839	-0.36202769
GLA	-1.05639088	-9.96e-06	-0.32595136	-1.59116324	-0.0740051	-0.72251584	-1.18854	-0.05626296	-0.41164468
GLOD5	-5.85838136	-2.00049366	-3.71511041	-6.33715152	-2.20242435	-3.99771415	-5.99805869	-2.10862519	-3.8271922
GLRA2	-1.1051883	-2.48e-05	-0.33661194	-1.64313774	-0.08095156	-0.72959132	-1.23984276	-0.05762261	-0.44029097
GLRA4	-5.83663975	-1.86154859	-2.54636628	-6.30816618	-2.07639635	-3.01474532	-5.97579358	-1.97584415	-2.65273348
GLUD2	-5.79021709	-2.0041451	-2.85992131	-6.31999258	-2.1570152	-3.63358612	-5.94296049	-2.11194768	-3.04832591
GNG5P2	-5.6816764	-0.21032807	-1.00600781	-6.21636019	-0.39347882	-1.43001268	-5.8634972	-0.30460744	-1.10812633
GNL3L	-1.0533087	-2.551e-05	-0.32138893	-1.5737557	-0.07498449	-0.63575689	-1.18404821	-0.05711913	-0.41933223
GPC3	-1.02796828	-9.69e-06	-0.26734514	-1.55951857	-0.07240192	-0.66384844	-1.15811359	-0.0593768	-0.44979089
GPC4	-1.44658632	-0.10022104	-0.7728288	-2.02388728	-0.33131829	-1.15786252	-1.55018164	-0.25248705	-0.93475981
GPKOW	-1.10743261	-1.113e-05	-0.30420022	-1.64858704	-0.08262332	-0.79258097	-1.24002849	-0.0590004	-0.43198102
GPM6B	-2.81557085	-0.16616295	-1.18202917	-3.4137066	-0.52757766	-1.5320561	-2.93735029	-0.32670457	-1.32128455
GPR101	-1.88910665	-1.363e-05	-0.52569517	-2.50137865	-0.00960657	-0.89762339	-1.9826339	-0.00643708	-0.59774006
GPR112	-5.32979802	-1.68494977	-2.84480836	-5.86544956	-1.95133354	-3.45282936	-5.48047658	-1.80672876	-2.97027085
GPR119	-5.45767024	-0.51229814	-1.36532084	-5.92159469	-0.83349049	-1.70068622	-5.61286121	-0.66087028	-1.4891064
GPR143	-1.27736379	-1.32e-06	-0.35708764	-1.8384107	-0.08617962	-0.81914769	-1.41257477	-0.05925671	-0.6183456
GPR173	-2.63655258	-9.2e-07	-0.52083088	-3.29153871	-0.010928	-0.93704872	-2.77414094	-0.00769722	-0.69151389
GPR174	-1.74611143	-0.07769124	-0.90295698	-2.37806291	-0.3305088	-1.30491795	-1.87618218	-0.22607397	-1.04445371
GPR34	-1.42387074	-7.9e-06	-0.43729464	-1.9840132	-0.06408566	-0.8523636	-1.54503863	-0.04076058	-0.52916255
GPR50	-1.95212862	-1.593e-05	-0.49103814	-2.54586624	-0.00763203	-0.91054588	-2.0435342	-0.00419022	-0.61787203
GPR64	-1.50187603	-0.42404894	-0.9769826	-2.10293111	-0.71241801	-1.31057749	-1.58271519	-0.60257403	-1.12938533
GPR82	-4.6174121	-0.00012742	-0.59288694	-5.1043662	-0.00370667	-1.06247707	-4.77745351	-0.00270382	-0.73319259
GPRASP1	-1.63934965	-0.69155383	-1.17694349	-2.25535633	-0.97440235	-1.46302431	-1.71582122	-0.88334683	-1.28911936
GPRASP2	-1.04957514	-8.337e-05	-0.27208084	-1.58498761	-0.07409361	-0.66868735	-1.1830713	-0.05765104	-0.39314413
GRIA3	-0.83526072	-4.242e-05	-0.21463409	-1.32094027	-0.05444013	-0.51670274	-0.94931999	-0.04586089	-0.36082063
GRIPAP1	-0.82163536	-2.25e-06	-0.15937927	-1.32033823	-0.05600066	-0.58398977	-0.94166415	-0.04634634	-0.35423341
GRPR	-2.27786998	-3.927e-05	-0.52929288	-2.84430985	-0.00335994	-0.90994562	-2.37114681	-0.0028321	-0.69638009
GSPT2	-1.20939489	-1.178e-05	-0.43663378	-1.75416058	-0.08666207	-0.84333127	-1.34415994	-0.06435442	-0.48483279
GUCY2F	-5.64435997	-1.81292948	-2.9787605	-6.13608714	-2.02499312	-3.32873852	-5.80246969	-1.93668663	-3.17057812
GYG2	-5.90258362	-2.14343154	-3.89256081	-6.40779239	-2.31699391	-4.11240945	-6.04658604	-2.24347677	-4.03676771
H2BFWT	-5.81891665	-1.42917312	-2.35279415	-6.29575092	-1.64198151	-2.68546441	-5.9615966	-1.53804552	-2.455961
HAUS7	-1.29038881	-1.91e-06	-0.40265913	-1.86041707	-0.07896485	-0.830515	-1.42782458	-0.05721232	-0.52713653
HCCS	-1.2144876	-4.39e-05	-0.36780631	-1.76765527	-0.08025466	-0.78510036	-1.35118285	-0.06094675	-0.6277145
HCFC1	-0.77047447	-2.8e-07	-0.17570671	-1.25572544	-0.04611843	-0.48955888	-0.88214905	-0.03968345	-0.3170013
HDAC6	-0.84031451	-7.46e-06	-0.20126391	-1.33353181	-0.05409335	-0.52986933	-0.95786886	-0.04563938	-0.37845101
HDAC8	-1.105043	-2.33e-05	-0.33163938	-1.63808496	-0.07889916	-0.72524378	-1.23734159	-0.05869831	-0.48004905
HDHD1	-4.15749847	-6.597e-05	-0.60015727	-5.13072749	-0.00134581	-1.03615576	-4.29175371	-0.00132546	-0.73218705
HDX	-2.14438798	-0.68080815	-1.33971535	-2.76524773	-1.03872478	-1.63759252	-2.24919789	-0.8656866	-1.44182303
HEPH	-1.93160192	-0.99768243	-1.44488219	-2.55812544	-1.31929912	-1.73299271	-2.01584193	-1.19634692	-1.56580545
HMGB3	-4.26120358	-2.83e-06	-0.58920294	-4.50277252	-0.00758128	-1.03810593	-4.39392195	-0.00459527	-0.7153964
HMGN5	-5.21005465	-5.87e-06	-0.64211048	-5.74133821	-0.09728456	-1.07059783	-5.36718586	-0.00712048	-0.78392635
HNRNPH2	-1.24094275	-5.13e-06	-0.45027797	-1.79230701	-0.08782264	-0.86003549	-1.37426417	-0.06045838	-0.60470526
HPRT1	-1.52366796	-7.08e-06	-0.44286217	-2.11215869	-0.04750928	-0.86670889	-1.63442116	-0.02274697	-0.5230967
HS6ST2	-1.25899892	-7.376e-05	-0.41134656	-1.82053085	-0.08552824	-0.82699381	-1.39092292	-0.05621592	-0.54929892
HSD17B10	-1.38907012	-2.357e-05	-0.41026012	-1.96161061	-0.06335529	-0.8169579	-1.51197311	-0.03845042	-0.52126424
HTATSF1	-1.01917256	-1.214e-05	-0.30541322	-1.55306946	-0.0717227	-0.67244879	-1.14494411	-0.06000932	-0.43759606
HTR2C	-2.13813068	-0.01823702	-0.966264	-2.8040877	-0.28403319	-1.31370143	-2.28759371	-0.16028684	-1.0965074
HUWE1	-0.44609361	-9.13e-06	-0.03446355	-0.75503858	-0.01875489	-0.25126553	-0.5233373	-0.01516539	-0.16863134
IDH3G	-1.26407638	-3.389e-05	-0.44221293	-1.82164702	-0.07284236	-0.82644814	-1.39748758	-0.05644438	-0.56321649
IGBP1	-1.2315931	-0.00017252	-0.37634463	-1.79509066	-0.08368524	-0.82371478	-1.36542296	-0.06094821	-0.52789652
IGSF1	-1.12778626	-0.13068331	-0.64696327	-1.69309376	-0.3607238	-0.96409574	-1.21234786	-0.29584326	-0.76069619
IKBKG	-5.60524687	-0.4523666	-1.4095357	-6.08846749	-0.74164732	-1.76657898	-5.76809528	-0.58341962	-1.52909784
IL13RA1	-1.2142999	-5.64e-06	-0.41481227	-1.78522819	-0.07613399	-0.71668284	-1.34185369	-0.05293646	-0.50134138
IL13RA2	-5.74386448	-1.4915433	-2.06939916	-6.21015317	-1.76446788	-2.44126412	-5.88772464	-1.62577002	-2.17830937
IL1RAPL1	-0.94900066	-2.68e-06	-0.20134196	-1.4660089	-0.06517876	-0.61186829	-1.0738123	-0.05346907	-0.37416917
IL1RAPL2	-1.0034743	-2.758e-05	-0.29611957	-1.52878893	-0.07116639	-0.70474098	-1.13219318	-0.05824174	-0.41099406
IL2RG	-1.16999799	-2.919e-05	-0.39512954	-1.71069631	-0.08207672	-0.73840527	-1.30092561	-0.05797656	-0.46928335
IQSEC2	-0.82956911	-9.41e-06	-0.14537032	-1.32712465	-0.05063374	-0.60694581	-0.94421966	-0.04506841	-0.3342346
IRAK1	-1.36238616	-0.08771596	-0.81934634	-1.95402046	-0.31629715	-1.06817013	-1.47164098	-0.23988229	-0.91275346
IRS4	-1.44967539	-0.26631283	-0.91833844	-2.03978018	-0.5155293	-1.25018	-1.53394617	-0.43117635	-1.05900176
ITGB1BP2	-5.91098571	-2.26340935	-3.38746986	-6.39891458	-2.43870638	-4.0630471	-6.05274408	-2.36455109	-3.55593965
ITIH6	-5.59553799	-1.71159001	-2.62355044	-6.10000615	-1.92699779	-3.18510222	-5.75323297	-1.82653559	-2.76087553
ITM2A	-5.37201519	-0.21017065	-1.23029803	-5.88892756	-0.53320137	-1.58995232	-5.55194634	-0.35340378	-1.35376409
JADE3	-0.94797061	-3.18e-06	-0.24280464	-1.46194911	-0.06872695	-0.68962917	-1.06973052	-0.05596499	-0.36988965
KAL1	-1.26593687	-0.18653805	-0.70774194	-1.84086842	-0.42689486	-1.05307053	-1.35185658	-0.35377846	-0.86793067
KCND1	-2.12267375	-0.49336851	-1.26552272	-2.786286	-0.83444399	-1.58525901	-2.22051327	-0.66919884	-1.39160498
KDM5C	-0.70256379	-6.9e-06	-0.10869844	-1.17397916	-0.03847928	-0.45266089	-0.81166251	-0.03494073	-0.29234008
KDM6A	-1.21008834	-0.25704676	-0.76708921	-1.82247166	-0.52600201	-1.08424433	-1.28784814	-0.44865966	-0.90276043
KIAA1210	-1.89974673	-1.00849493	-1.44251336	-2.5259847	-1.34561311	-1.71352114	-1.98564617	-1.2192029	-1.5427391
KIAA2022	-0.84492176	-3.6e-06	-0.08156072	-1.35049878	-0.05245646	-0.56636849	-0.96242797	-0.0457752	-0.35016212
KIF4A	-1.4053063	-0.54362092	-1.00647327	-2.03666782	-0.82425097	-1.3143999	-1.47790611	-0.73349384	-1.14254518
KLF8	-5.27109316	-0.16907369	-1.19619708	-5.78569906	-0.48521902	-1.5513402	-5.45290339	-0.31392698	-1.32550376
KLHL13	-1.94275018	-0.53609984	-1.23163027	-2.57365368	-0.83862153	-1.53763787	-2.03311482	-0.70748521	-1.35233214
KLHL15	-1.08960218	-3.662e-05	-0.30153469	-1.62429448	-0.08010352	-0.76843899	-1.22191425	-0.05754182	-0.44198247
KLHL34	-5.86543264	-2.03090556	-3.12260687	-6.39990189	-2.17587865	-3.6671271	-6.02116881	-2.13003096	-3.2844429
KLHL4	-1.02431032	-4.56e-06	-0.33132216	-1.55751865	-0.06778291	-0.73551608	-1.15226104	-0.05539341	-0.44256565
KRBOX4	-5.27428004	-3.128e-05	-0.6492619	-5.80467493	-0.12659006	-1.07955535	-5.43706501	-0.0248793	-0.7962617
L1CAM	-0.94579914	-0.01746701	-0.43566832	-1.50702651	-0.19056028	-0.77096623	-1.06903097	-0.15913832	-0.5801877
LAGE3	-5.87988282	-0.97318586	-2.23641463	-6.36398666	-1.15242414	-2.94783804	-6.02685235	-1.06639758	-2.23730278
LAMP2	-2.09488421	-0.02854535	-0.94531822	-2.75407734	-0.28407738	-1.3141742	-2.24428331	-0.17262078	-1.10336771
LANCL3	-3.89150411	-0.00099886	-1.06782772	-4.48850776	-0.26114856	-1.41345566	-4.35421997	-0.12170671	-1.20405504
LAS1L	-0.95167993	-5.611e-05	-0.29872592	-1.48017232	-0.06634012	-0.62223745	-1.07676357	-0.05438464	-0.42795175
LCA10	-5.48158571	-0.30871715	-1.30105357	-5.96937037	-0.62055357	-1.65776343	-5.64794576	-0.44798656	-1.42823022
LDOC1	-5.44218345	-0.01082625	-0.77404834	-6.05646541	-0.2294833	-1.20567241	-5.68354171	-0.12324996	-0.91772688
LHFPL1	-5.53467274	-0.36520229	-1.34797766	-6.02209155	-0.67516122	-1.7130847	-5.70002215	-0.50064104	-1.48624658
LONRF3	-1.59700705	-0.31358779	-1.00906544	-2.18158975	-0.58307218	-1.33531574	-1.69649924	-0.48237097	-1.16839871
LPAR4	-5.80621603	-1.44709096	-2.32641958	-6.28366254	-1.67882768	-2.75828967	-5.94606817	-1.55908841	-2.48748202
LRCH2	-1.02606557	-7.022e-05	-0.33972432	-1.55675058	-0.07759727	-0.66374622	-1.15561543	-0.06083445	-0.45100722
LUZP4	-5.836984	-1.19080798	-2.12603053	-6.33081087	-1.40087408	-2.47029386	-5.98485907	-1.29625407	-2.23824298
MAGEA11	-5.22442506	-6.084e-05	-0.65175617	-5.75724501	-0.10376153	-1.09902762	-5.37445778	-0.00577539	-0.79357118
MAGEB16	-5.63271747	-0.14884189	-0.91579232	-6.18919044	-0.34917993	-1.41347244	-5.83178737	-0.25335913	-1.02909789
MAGEB18	-5.50731586	-0.34612608	-1.34789118	-6.00305923	-0.64892514	-1.68532605	-5.67032316	-0.48120768	-1.4639947
MAGEB3	-5.52785842	-0.0684168	-0.8053034	-6.0994714	-0.28017396	-1.30766433	-5.74513099	-0.18034877	-0.95335142
MAGEC1	-5.86670534	-1.11116432	-2.80777457	-6.34468366	-1.29934733	-3.00748627	-6.0112415	-1.20673893	-2.96221056
MAGEC3	-5.84345537	-1.82377487	-4.87542659	-6.42544838	-1.94314176	-5.29255769	-6.00835027	-1.91801659	-5.00349061
MAGED1	-0.93911991	-1.51e-05	-0.20168617	-1.45229037	-0.06447772	-0.61781206	-1.0599539	-0.05260108	-0.41502398
MAGED2	-1.00244051	-9e-08	-0.22952084	-1.53491091	-0.0719351	-0.60409255	-1.12975507	-0.05646471	-0.4604495
MAGED4	-5.68430027	-0.21856435	-1.17752855	-6.22432451	-0.39726355	-1.56106494	-5.87311387	-0.31387615	-1.32893199
MAGEE1	-1.11609667	-3.39e-06	-0.26338824	-1.65899891	-0.08520325	-0.74459449	-1.24719196	-0.05990974	-0.38776261
MAGEH1	-5.32653464	-1.017e-05	-0.68772953	-5.88909414	-0.14781969	-1.09036236	-5.51894743	-0.0476136	-0.82445309
MAGIX	-4.36115744	-1.271e-05	-0.57485815	-4.68238085	-0.00967649	-1.03925541	-4.47088815	-0.00570134	-0.71576481
MAGT1	-3.86057096	-0.44309884	-1.34312468	-4.12104319	-0.80781826	-1.69497552	-3.92005969	-0.62434311	-1.4709492
MAMLD1	-1.01449897	-2.117e-05	-0.2665914	-1.53776857	-0.06746326	-0.63912674	-1.14307562	-0.05661673	-0.43719449
MAOA	-1.03663578	-4.2e-07	-0.31517342	-1.56705467	-0.07067184	-0.66709833	-1.16905835	-0.05732535	-0.45021784
MAOB	-1.05168182	-1.259e-05	-0.25394375	-1.58881386	-0.0743178	-0.71626469	-1.18391596	-0.05604523	-0.41775884
MAP3K15	-5.69280126	-2.11999874	-3.50073498	-6.23059295	-2.30749423	-3.77199941	-5.85157526	-2.23629121	-3.6088841
MAP7D2	-5.33182837	-1.46841166	-2.14293092	-5.76996723	-1.81635173	-2.52069592	-5.46275174	-1.63341465	-2.25973842
MAP7D3	-5.86520365	-1.96170639	-3.33170649	-6.43393676	-2.08881901	-3.72876867	-6.02276455	-2.05712087	-3.45476344
MBNL3	-1.18497973	-3.326e-05	-0.35091547	-1.73758778	-0.08726509	-0.77386551	-1.31667592	-0.05937621	-0.52144377
MBTPS2	-1.09191891	-1.085e-05	-0.27563812	-1.62687159	-0.07700003	-0.6866071	-1.22407808	-0.05756016	-0.47905788
MCF2	-1.04066224	-0.02634348	-0.50625052	-1.6119354	-0.21616941	-0.87705861	-1.1667453	-0.17438528	-0.6457707
MCTS1	-3.11439259	-2.123e-05	-0.54347664	-3.69380388	-0.01404544	-0.94618584	-3.26383289	-0.00879611	-0.69160555
MECP2	-1.55333537	-0.10645141	-0.82989339	-2.13991908	-0.35138312	-1.19593272	-1.66812713	-0.26304562	-0.95221444
MED12	-0.59243883	-3.85e-06	-0.05178773	-1.00569714	-0.02849541	-0.36740931	-0.68876543	-0.02758572	-0.26976761
MED14	-0.71474585	-2.105e-05	-0.09484189	-1.18934466	-0.04087388	-0.47071739	-0.82412078	-0.0340673	-0.29603725
MID1	-0.99434501	-5.86e-06	-0.26137928	-1.5124821	-0.07252232	-0.65333084	-1.12276937	-0.05923554	-0.38423897
MID1IP1	-5.37574206	-0.00012524	-0.7106332	-5.96688488	-0.18167991	-1.20870402	-5.59335883	-0.07541806	-0.87370945
MID2	-1.19692482	-0.0580299	-0.6339118	-1.773899	-0.26094602	-0.99865873	-1.3123788	-0.21435444	-0.81299288
MMGT1	-2.69185994	-2.611e-05	-0.57222074	-3.49154392	-0.00872918	-0.95339225	-2.82870001	-0.00462521	-0.70698036
MORC4	-0.86517904	-5.01e-06	-0.25602253	-1.38420408	-0.06012541	-0.59769413	-0.98830736	-0.05168807	-0.32046987
MORF4L2	-4.7166491	-7.768e-05	-0.60015038	-5.02602544	-0.0098044	-1.05548702	-4.95303466	-0.00602098	-0.71676877
MOSPD1	-1.62010575	-0.00010843	-0.47185932	-2.20544378	-0.03634631	-0.89374767	-1.72544472	-0.00894547	-0.57521327
MOSPD2	-1.13059149	-0.00010354	-0.37329551	-1.67219117	-0.08554639	-0.76027342	-1.26725595	-0.06123656	-0.48524954
MPP1	-1.1080363	-4.697e-05	-0.30020069	-1.66080241	-0.08273232	-0.71348788	-1.24310112	-0.06063374	-0.39792128
MSL3	-1.15118388	-2.935e-05	-0.34447812	-1.70103212	-0.08178581	-0.69891115	-1.28654053	-0.05948144	-0.40778972
MSN	-0.98850066	-5.52e-06	-0.31686441	-1.50988543	-0.06845176	-0.6211981	-1.11427257	-0.05570248	-0.37204391
MST4	-1.05285144	-2.355e-05	-0.31487764	-1.59141712	-0.08024866	-0.71974583	-1.18950941	-0.06167177	-0.42943465
MTCP1	-4.11890042	-6.067e-05	-0.55067569	-4.74631015	-0.00983607	-1.01321645	-4.2591579	-0.00817368	-0.72188826
MTM1	-0.87046925	-3.58e-06	-0.18527474	-1.37407391	-0.05656494	-0.55651254	-0.98687972	-0.05005148	-0.38046808
MTMR1	-1.16739669	-0.0509786	-0.66985781	-1.74715033	-0.25456917	-0.9502361	-1.29353186	-0.21217813	-0.75124849
MTMR8	-5.91120132	-2.2070055	-3.87828427	-6.41047251	-2.38315243	-4.10635179	-6.05532674	-2.30706731	-3.47277125
MUM1L1	-1.1642075	-1.908e-05	-0.33117515	-1.72617309	-0.0780417	-0.73618065	-1.29763241	-0.05730737	-0.44805838
MXRA5	-1.23263086	-0.27303889	-0.76725966	-1.84882118	-0.54670105	-1.09496216	-1.31083005	-0.45988002	-0.92979452
NAA10	-1.63965242	-7.5e-07	-0.46642245	-2.24302981	-0.03259552	-0.88682032	-1.73647764	-0.00420573	-0.56747884
NAP1L2	-1.47778765	-1.53e-06	-0.37753813	-2.05173999	-0.05533585	-0.90422447	-1.59974325	-0.03146383	-0.56626879
NAP1L3	-1.59842715	-7.149e-05	-0.47405834	-2.19764691	-0.03322872	-0.83504362	-1.70321831	-0.01192543	-0.5614128
NDP	-5.32056404	-3.494e-05	-0.69975713	-5.89429234	-0.1548198	-1.11729378	-5.51946117	-0.0506543	-0.8298207
NDUFA1	-5.39827273	-7.74e-06	-0.7741031	-5.99523293	-0.1950664	-1.19298692	-5.62836618	-0.09426716	-0.9164223
NDUFB11	-2.73209903	-1.988e-05	-0.57784443	-3.54903417	-0.00423719	-0.94214784	-2.85038561	-0.0036344	-0.70909753
NGFRAP1	-5.06854882	-1.08e-06	-0.63251935	-5.55284742	-0.05753053	-1.04386946	-5.21459661	-0.00569707	-0.76519767
NHS	-0.81223367	-5.31e-06	-0.12188911	-1.30927974	-0.04989742	-0.56083282	-0.92778541	-0.04282468	-0.29982085
NHSL2	-5.83348221	-1.85320454	-3.08948055	-6.3889059	-2.00539906	-3.58327479	-5.99101576	-1.95179306	-3.22008843
NKAP	-1.03647362	-0.00011113	-0.34209514	-1.55948436	-0.07312029	-0.68554953	-1.16705511	-0.0575828	-0.45688564
NKRF	-1.08808734	-3.995e-05	-0.274097	-1.63340733	-0.08263079	-0.70225421	-1.22204586	-0.05731017	-0.46553222
NLGN3	-1.01729838	-1.05e-06	-0.22751685	-1.54963932	-0.07390997	-0.63381654	-1.15029467	-0.05887015	-0.44350078
NLGN4X	-1.0536142	-2.572e-05	-0.31953174	-1.58157846	-0.07313124	-0.69310793	-1.18351897	-0.05726065	-0.42994976
NONO	-0.97231356	-8.66e-06	-0.30163609	-1.504464	-0.06793749	-0.6187428	-1.09850307	-0.05595388	-0.43279093
NOX1	-5.8842258	-2.08286951	-3.66076872	-6.43263342	-2.19620337	-4.37799249	-6.03067949	-2.17021238	-3.76175429
NR0B1	-1.49366478	-5.96e-06	-0.4547021	-2.07533801	-0.05702165	-0.88314624	-1.61220797	-0.0309051	-0.56906654
NRK	-1.3502959	-0.43968146	-0.91330251	-1.97063475	-0.71727653	-1.23430908	-1.42156743	-0.62728399	-1.04899547
NSDHL	-1.36670309	-1.691e-05	-0.40571447	-1.9459336	-0.07091923	-0.85892605	-1.49566442	-0.04435522	-0.54276401
NUDT10	-5.64237597	-0.48933117	-1.42254086	-6.12431744	-0.75735195	-1.81583105	-5.80267699	-0.61646518	-1.57293444
NUDT11	-4.97018272	-0.0002133	-0.63151103	-5.31187683	-0.01066853	-1.07125907	-5.32337257	-0.00655774	-0.76550699
NUP62CL	-5.73401634	-1.93401249	-2.70994495	-6.26854488	-2.11014035	-3.27723974	-5.88993622	-2.04614589	-2.84603937
NXF2B	-4.24787474	-0.00919664	-1.07606664	-5.17161199	-0.30867615	-1.44856374	-4.41842807	-0.15793443	-1.21710454
NXF3	-1.527653	-0.28754622	-0.93773304	-2.11277627	-0.5432464	-1.29460367	-1.62118651	-0.4511132	-1.12535932
NXF5	-5.89674056	-2.18578386	-3.76064106	-6.3867895	-2.3671413	-4.2108078	-6.03651204	-2.28851906	-3.8509087
NXT2	-4.02140733	-2.652e-05	-0.60965393	-4.32480305	-0.01591321	-1.0242662	-4.13902548	-0.00983671	-0.74073135
NYX	-2.90269425	-2.634e-05	-0.56040084	-4.7751029	-0.00219846	-0.97529913	-3.05905611	-0.00135594	-0.7333635
OCRL	-0.75808203	-6.27e-06	-0.15386342	-1.24434228	-0.04537512	-0.49268547	-0.86891492	-0.03932422	-0.30238892
OFD1	-2.62043871	-1.09003926	-1.63212014	-3.25422594	-1.46319361	-1.92569822	-2.72529069	-1.3096035	-1.72047082
OGT	-0.80969837	-2.45e-06	-0.19694692	-1.31208255	-0.05347768	-0.50759957	-0.92704053	-0.0458596	-0.32447608
OPHN1	-0.91961745	-4.1e-06	-0.206079	-1.43436651	-0.06246681	-0.64716783	-1.04252796	-0.05055155	-0.38418833
OPN1LW	-1.30728029	-9.2e-06	-0.34510001	-1.87321633	-0.07981473	-0.80051452	-1.43832881	-0.05225669	-0.52364609
OPN1MW	-5.84876749	-1.79119823	-3.73411516	-6.30408313	-1.99300916	-4.3069279	-5.98318579	-1.89032367	-3.86819321
OPN1MW2	-5.31218701	-0.00022951	-0.69272826	-5.87984332	-0.16067943	-1.12145152	-5.49531334	-0.05091044	-0.83760168
OR13H1	-5.89370308	-2.18404465	-4.61583347	-6.48326593	-2.29397268	-4.90455383	-6.04701356	-2.2697759	-4.76016053
OTC	-1.48440158	-0.10975315	-0.82623658	-2.06571772	-0.34005321	-1.18918972	-1.5898938	-0.26107038	-0.96001706
OTUD5	-1.08557716	-8.178e-05	-0.29503154	-1.62712449	-0.07902666	-0.66949074	-1.21741152	-0.05796431	-0.42154191
OTUD6A	-5.7260878	-0.27006398	-1.98392276	-6.25654463	-0.44693467	-4.27995371	-5.90575231	-0.36327825	-2.13595125
P2RY10	-2.85379519	-4.69e-05	-0.55687584	-3.75423173	-0.01091782	-0.98211826	-3.01004438	-0.00752415	-0.6824362
P2RY4	-5.85210328	-1.93281453	-2.92444181	-6.43961413	-2.04501217	-4.47748374	-6.01358304	-2.02687679	-3.07042548
PABPC5	-1.50628415	-5.64e-06	-0.42814372	-2.09920147	-0.05025463	-0.90660127	-1.62661701	-0.02690573	-0.53889559
PAGE1	-3.54435224	-7.05e-06	-0.57113377	-4.06336926	-0.00804814	-1.01046807	-3.60610759	-0.00487715	-0.70653759
PAGE2	-5.79601475	-0.72925152	-1.5205586	-6.25897158	-0.9498528	-1.96500299	-5.94458316	-0.84196025	-1.61608716
PAGE2B	-5.26636065	-3.72e-05	-0.65412705	-5.81651016	-0.12089663	-1.09147383	-5.43010016	-0.01750103	-0.79878705
PAGE3	-5.89295447	-1.68928516	-3.16783266	-6.38093428	-1.86374348	-4.2972943	-6.03870271	-1.78595139	-3.32842962
PAGE4	-5.13563878	-0.00013018	-0.65662076	-5.4026425	-0.03065701	-1.05065426	-5.31669037	-0.00654008	-0.78048066
PAGE5	-5.86706123	-1.7737889	-3.12263739	-6.34205249	-1.96739686	-4.15645242	-6.00421652	-1.87189808	-3.26080887
PAK3	-1.00569901	-9.09e-06	-0.29500601	-1.52850004	-0.06974433	-0.6472066	-1.13379606	-0.05438855	-0.4054871
PASD1	-1.47065747	-0.26473522	-0.89735017	-2.03919952	-0.52905682	-1.23689685	-1.55359187	-0.43213143	-1.06010972
PBDC1	-2.85150842	-2.501e-05	-0.53625264	-3.63033575	-0.00498591	-0.95711466	-3.00672789	-0.00494863	-0.67686457
PCDH11X	-1.75724754	-0.63792793	-1.19872295	-2.36100126	-0.96304359	-1.49288531	-1.8460118	-0.82058298	-1.315745
PCDH19	-0.95425105	-1.103e-05	-0.18998056	-1.47201813	-0.06360695	-0.60894024	-1.08065173	-0.05589787	-0.39270722
PCSK1N	-5.41414945	-0.00257506	-0.78868755	-6.0249981	-0.20897291	-1.23229435	-5.65335664	-0.11172844	-0.93003277
PCYT1B	-1.32204658	-1.466e-05	-0.40578683	-1.88888862	-0.07413291	-0.80760836	-1.45917952	-0.05129181	-0.51519738
PDHA1	-1.010794	-8.709e-05	-0.35329112	-1.54870871	-0.07266671	-0.70084695	-1.13851149	-0.05740385	-0.42974013
PDK3	-1.74032402	-0.08379363	-0.90787265	-2.38168746	-0.33692517	-1.26862796	-1.86536325	-0.23285868	-1.06956841
PDZD11	-1.85072236	-2.56e-06	-0.49744344	-2.44697007	-0.00239407	-0.89212223	-1.95027353	-0.00119667	-0.60011001
PDZD4	-1.03580046	-9e-07	-0.31640976	-1.56908289	-0.07583818	-0.65203013	-1.1666482	-0.0587926	-0.4280778
PFKFB1	-5.6613953	-1.72549349	-2.47596298	-6.11653843	-2.02141515	-2.92655368	-5.80163693	-1.86598061	-2.6646491
PGK1	-1.17751189	-5.224e-05	-0.33513031	-1.72788971	-0.07838724	-0.74969638	-1.30986025	-0.05575013	-0.50502922
PGRMC1	-5.25282676	-8.99e-05	-0.66133231	-5.79118139	-0.11015542	-1.0909001	-5.41240479	-0.00981893	-0.80853488
PHEX	-0.84710294	-8.29e-06	-0.15768667	-1.35501961	-0.05969521	-0.56186807	-0.96548849	-0.04672799	-0.36407552
PHF6	-0.96435854	-2.801e-05	-0.24800967	-1.50153134	-0.06724938	-0.61116505	-1.09359421	-0.05588429	-0.37297118
PHF8	-1.46287694	-0.5196033	-1.02997781	-2.09984963	-0.80470513	-1.32478803	-1.54028354	-0.71509457	-1.16940826
PHKA1	-1.77636117	-1.00609192	-1.39668647	-2.41499892	-1.31630403	-1.67983616	-1.84159798	-1.22059573	-1.51138517
PHKA2	-1.55436558	-0.69815301	-1.16373073	-2.18178891	-0.97726106	-1.45098673	-1.62282587	-0.89509387	-1.29013126
PIGA	-1.33201524	-1.598e-05	-0.45721573	-1.89290078	-0.07098668	-0.86571316	-1.46013004	-0.04642527	-0.64740549
PIH1D3	-4.30326404	-0.00013804	-0.60252768	-4.61576647	-0.00851089	-1.02486676	-4.40690746	-0.0076342	-0.74748339
PIM2	-1.45388823	-6.874e-05	-0.43728972	-2.04456337	-0.05805908	-0.88066438	-1.57304629	-0.0296813	-0.57875319
PIN4	-5.20369763	-1.439e-05	-0.65767546	-5.71542026	-0.08976686	-1.08450394	-5.35665899	-0.01263066	-0.79907084
PIR	-5.87603585	-2.14689679	-4.11767598	-6.43077887	-2.27071668	-4.4953586	-6.02729415	-2.24049054	-4.20059755
PJA1	-0.97520155	-1.377e-05	-0.2636784	-1.50222447	-0.07046134	-0.57168418	-1.10308989	-0.05540433	-0.40384731
PLP1	-2.09769615	-3.009e-05	-0.51604634	-2.7056186	-0.01396155	-0.90587158	-2.18971854	-0.00721359	-0.65581277
PLP2	-5.86686152	-1.98319491	-3.042645	-6.45762263	-2.10444994	-3.44593785	-6.03706326	-2.07979629	-3.1644875
PLS3	-1.30235083	-0.0776683	-0.72122696	-1.86942037	-0.30860381	-1.10518396	-1.41637403	-0.23353611	-0.89254581
PLXNA3	-1.59457586	-0.81828974	-1.24027092	-2.24633692	-1.11170626	-1.51000805	-1.66259584	-1.02747869	-1.3497891
PLXNB3	-1.68226496	-0.84873744	-1.27699204	-2.34068273	-1.15114258	-1.5563812	-1.75194989	-1.05382666	-1.39420695
PNCK	-5.33925441	-0.78166619	-1.55417797	-5.58414254	-1.14736617	-1.88905619	-5.41539634	-0.96013574	-1.66653981
PNPLA4	-3.18151786	-5.719e-05	-0.99373861	-3.7467995	-0.20354409	-1.3683384	-3.35967971	-0.08193871	-1.15370799
POF1B	-5.79694707	-1.83946267	-2.71462933	-6.25543937	-2.08489838	-3.08631417	-5.92909928	-1.95802415	-2.81897052
POLA1	-0.69725008	-2.855e-05	-0.06543207	-1.15540836	-0.04107529	-0.47192624	-0.80349646	-0.03434432	-0.27706505
PORCN	-0.97089903	-7.23e-06	-0.27357708	-1.49007212	-0.069343	-0.6347352	-1.09521703	-0.0538241	-0.3736405
POU3F4	-3.81744289	-8.361e-05	-0.56290709	-4.2585226	-0.00978913	-0.9719343	-4.06639623	-0.00741555	-0.693146
PPEF1	-1.3983241	-0.24477203	-0.85742838	-1.98643955	-0.49190112	-1.17506007	-1.48426896	-0.40572777	-1.01986002
PPP1R3F	-5.66166609	-1.04753413	-1.67683777	-6.12788568	-1.34193249	-2.05280242	-5.81228524	-1.19017475	-1.79343703
PQBP1	-1.4441563	-5.75e-06	-0.47379268	-2.02450584	-0.06090999	-0.82192082	-1.56732685	-0.03478861	-0.63094701
PRAF2	-4.76711985	-6.13e-06	-0.6216992	-5.18831901	-0.0114783	-1.04723878	-4.90351205	-0.00606106	-0.75252822
PRDX4	-1.51855054	-3.083e-05	-0.49181051	-2.09976534	-0.04688122	-0.81261355	-1.63434599	-0.02579447	-0.60611435
PRICKLE3	-4.604501	-0.74821288	-1.52835973	-5.40722988	-1.10697554	-1.85778741	-4.76010543	-0.92746022	-1.64180587
PRKX	-3.55582467	-0.00026922	-1.01511399	-4.10049051	-0.2206438	-1.36415979	-3.73634137	-0.0895568	-1.15514208
PRPS1	-2.93858377	-1.345e-05	-0.54597078	-3.1366366	-0.00977971	-0.91235965	-2.70652138	-0.00588225	-0.71783124
PRPS2	-1.65299673	-3.437e-05	-0.44626223	-2.24993725	-0.03371062	-0.87296198	-1.75480191	-0.00455413	-0.62557641
PRRG1	-5.4139687	-0.26750072	-1.27663561	-5.91710167	-0.5846273	-1.63970596	-5.58208035	-0.40442325	-1.39856669
PRRG3	-5.90791481	-2.145676	-3.41026198	-6.41072201	-2.31653204	-4.76674034	-6.05276966	-2.24493242	-3.48338424
PTCHD1	-1.12310787	-1.789e-05	-0.35594139	-1.67396752	-0.08311531	-0.83633949	-1.25739046	-0.05738295	-0.40639612
RAB33A	-3.24323481	-2.68e-05	-0.56093639	-3.75164278	-0.00484483	-1.02079616	-3.39456179	-0.00444917	-0.69599055
RAB39B	-3.16607214	-1.588e-05	-0.53409285	-3.98937371	-0.00259968	-1.00342884	-3.35751277	-0.00145744	-0.70398473
RAB40AL	-5.70587708	-0.23922906	-1.0553258	-6.24038939	-0.41036613	-2.38867264	-5.88703775	-0.3287955	-1.21208612
RAB41	-5.85476806	-1.89515066	-2.87892481	-6.33465	-2.09461905	-4.46530953	-5.9931191	-2.00163079	-3.00790212
RAB9A	-1.95994127	-2.78e-06	-0.50288963	-2.55823967	-0.00743567	-0.87864351	-2.05979919	-0.00458354	-0.62374977
RAB9B	-4.1753664	-2.024e-05	-0.61090014	-5.11682911	-0.00802738	-1.01456282	-5.07820629	-0.00741802	-0.74706054
RAI2	-3.37630241	-1.421e-05	-0.57592691	-4.11695151	-0.00766014	-0.99324166	-3.54355953	-0.00553787	-0.70205647
RAP2C	-5.23900758	-3.655e-05	-0.67936246	-5.79780676	-0.12160569	-1.11022381	-5.4044129	-0.01739972	-0.82659876
RBBP7	-1.14009249	-0.00010972	-0.31235599	-1.69255478	-0.0846705	-0.75081164	-1.27260288	-0.05990066	-0.47780449
RBM10	-0.76727014	-7.13e-06	-0.11154393	-1.25186708	-0.04941733	-0.52013514	-0.87901226	-0.04008465	-0.31370798
RBM3	-3.15709359	-2.164e-05	-0.58919774	-5.0238381	-0.00382396	-1.02574356	-4.13907648	-0.00259754	-0.73953233
RBM41	-1.09784805	-1.465e-05	-0.34874886	-1.63872897	-0.07952867	-0.71117551	-1.23426093	-0.05983281	-0.45615448
RBMX	-1.09778014	-7.08e-06	-0.38064196	-1.63143326	-0.08082343	-0.76671362	-1.23154458	-0.05883491	-0.47106504
RBMX2	-1.6946015	-5.65e-05	-0.47496083	-2.27886529	-0.02554408	-0.88364493	-1.78994262	-0.00490365	-0.59852561
RENBP	-1.76337538	-0.31315609	-1.0633933	-2.35947173	-0.61300676	-1.38366908	-1.8634497	-0.48115276	-1.18406764
REPS2	-1.6980396	-0.52257075	-1.17006494	-2.3254627	-0.82390826	-1.44141923	-1.78313365	-0.69441052	-1.24074084
RGAG1	-0.98473598	-4.562e-05	-0.24760797	-1.50662975	-0.06917822	-0.65422006	-1.11395536	-0.05674491	-0.36427384
RGAG4	-5.85946327	-1.90980169	-3.74316348	-6.34360468	-2.12161181	-3.9253271	-6.00026364	-2.01835254	-3.81098
RGN	-4.69450126	-0.00036037	-1.04910248	-5.0467302	-0.31057104	-1.41915275	-4.77191257	-0.14876433	-1.19487061
RHOXF1	-3.20567994	-5.22e-06	-0.54728626	-4.33838335	-0.0040224	-0.98998791	-4.22533491	-0.00287419	-0.68920687
RHOXF2	-5.84577714	-1.21981024	-2.05555387	-6.31591722	-1.42665414	-2.51165813	-5.99252176	-1.33143755	-2.17469933
RHOXF2B	-5.35738143	-6.37e-06	-0.72128379	-5.93063108	-0.18235334	-1.13843239	-5.56848483	-0.07190963	-0.85399794
RIBC1	-1.04284133	-1.864e-05	-0.22482901	-1.57552284	-0.07052378	-0.68849825	-1.1720828	-0.05655359	-0.42940437
RIPPLY1	-5.89281521	-1.71276972	-3.27468899	-6.37977322	-1.8949751	-3.68689592	-6.04238775	-1.816177	-3.30789007
RLIM	-0.93339769	-2.605e-05	-0.25708813	-1.44036808	-0.06527074	-0.59651191	-1.05509764	-0.05195715	-0.34583407
RNF113A	-3.18172965	-2.775e-05	-0.55409721	-3.67565527	-0.0099234	-0.96171074	-2.97123227	-0.00666614	-0.69745909
RNF128	-1.33837293	-2.862e-05	-0.48637338	-1.91239514	-0.07178555	-0.78283782	-1.46811549	-0.04622141	-0.59676555
RP11-706O15.1	-5.54826415	-0.0840526	-0.91814596	-6.12350218	-0.29480375	-1.36829935	-5.76006063	-0.1912586	-1.04002733
RP2	-1.46019578	-8.914e-05	-0.44519971	-2.04056627	-0.05703549	-0.8637179	-1.58208556	-0.03410917	-0.60708838
RP6-24A23.6	-5.62414865	-0.15007716	-0.89179524	-6.18747243	-0.35452361	-1.46166505	-5.82120481	-0.25629162	-1.06779806
RPGR	-1.00607611	-6.697e-05	-0.31488315	-1.53389671	-0.06904599	-0.66108075	-1.13355458	-0.05645418	-0.41924537
RPL10	-1.63694506	-6.794e-05	-0.46055205	-2.23417309	-0.02862857	-0.82718779	-1.73623508	-0.00557935	-0.59491535
RPL36A	-4.85561086	-8.314e-05	-0.59892356	-5.30499646	-0.02147994	-1.01245529	-4.98902441	-0.01292475	-0.7282586
RPL36A-HNRNPH2	-5.70838968	-0.55535775	-1.49718082	-6.18035246	-0.80003707	-1.89758235	-5.86434199	-0.67550799	-1.64990288
RPL39	-5.3194434	-5.064e-05	-0.69498033	-5.91344244	-0.1521794	-1.13191016	-5.51575448	-0.04326541	-0.83804693
RPS4X	-1.39167191	-4.44e-06	-0.45949465	-1.98002989	-0.06316987	-0.85227725	-1.51631557	-0.03947599	-0.58198849
RPS6KA3	-0.81806493	-2.548e-05	-0.23632042	-1.31823387	-0.05174901	-0.55889121	-0.93455622	-0.04356552	-0.31516963
RPS6KA6	-1.27917526	-0.07784913	-0.71624786	-1.86037607	-0.29593513	-1.06510186	-1.39190355	-0.23252915	-0.84344529
RRAGB	-1.11607616	-2.07e-06	-0.2754114	-1.64737098	-0.08443643	-0.7453026	-1.24466491	-0.05918643	-0.42530371
RS1	-1.54707757	-6.875e-05	-0.39459187	-2.12494461	-0.04902142	-0.89393024	-1.66393659	-0.02372187	-0.5342865
S100G	-5.4862479	-0.05056252	-0.79468373	-6.09038408	-0.27107479	-1.28273655	-5.71333863	-0.16045948	-0.93907653
SAGE1	-5.67048072	-1.71800286	-2.45523739	-6.11896799	-2.01105337	-3.02226176	-5.80972302	-1.86074669	-2.66989649
SASH3	-1.1042239	-8.99e-06	-0.26547507	-1.6394277	-0.08128452	-0.74370054	-1.23769226	-0.05988411	-0.49748175
SAT1	-3.8958696	-4.64e-06	-0.55912785	-4.17090373	-0.00788716	-1.00798684	-4.00747165	-0.00500618	-0.68095031
SATL1	-5.89007491	-2.16471371	-3.65273413	-6.44749902	-2.28569233	-4.1833343	-6.04043597	-2.26133487	-3.8442366
SCML1	-1.33236691	-2.366e-05	-0.3486296	-1.90019827	-0.0749501	-0.86405022	-1.464273	-0.0495729	-0.58681364
SCML2	-0.99122213	-2.227e-05	-0.24199401	-1.52616787	-0.07040343	-0.6979408	-1.11833483	-0.05617847	-0.43589376
SEPT6	-1.38994158	-0.09435292	-0.73802701	-1.97529228	-0.31914645	-1.12585936	-1.49555228	-0.24162764	-0.90477599
SERPINA7	-5.81593224	-1.50711811	-2.1922065	-6.28658048	-1.73094307	-2.601121	-5.95508239	-1.6184021	-2.30111016
SH2D1A	-4.04020372	-6.93e-06	-0.56037875	-4.53085061	-0.00553994	-0.98865671	-3.9927407	-0.00493313	-0.703665
SH3BGRL	-4.95250186	-7.84e-06	-0.65402025	-5.40473481	-0.03711103	-1.04580358	-5.0970792	-0.00568475	-0.76934161
SH3KBP1	-0.9635024	-2.807e-05	-0.31063936	-1.47867304	-0.06951017	-0.61583177	-1.08721149	-0.05514837	-0.36371537
SHROOM2	-1.34179326	-0.21354385	-0.82936454	-1.91331031	-0.46128407	-1.15088415	-1.42488361	-0.38018526	-0.97060745
SHROOM4	-1.39313638	-0.37396868	-0.9248933	-1.99326667	-0.64204096	-1.22482882	-1.4772734	-0.55712793	-1.04992837
SLC10A3	-4.57733798	-2.65e-05	-0.58209154	-4.99039258	-0.00913091	-1.03817892	-4.81929128	-0.00684554	-0.720494
SLC16A2	-1.20694698	-8.56e-06	-0.33752197	-1.76870024	-0.08513818	-0.79901136	-1.33552061	-0.05749458	-0.4971029
SLC25A14	-1.15829441	-3.404e-05	-0.39020837	-1.71541985	-0.08099663	-0.69561641	-1.29310868	-0.0565847	-0.45880495
SLC25A43	-5.8729155	-2.08630813	-3.47050054	-6.4090425	-2.18273687	-3.73692668	-6.02841112	-2.17698227	-3.59116272
SLC25A5	-1.51909813	-0.00012129	-0.51162568	-2.10644222	-0.04566521	-0.88572718	-1.63313581	-0.0213628	-0.63805006
SLC25A53	-5.51640606	-0.56409693	-1.39448169	-5.97695258	-0.88523488	-1.72987612	-5.66795148	-0.70902236	-1.51263918
SLC35A2	-1.77167901	-3.113e-05	-0.47342692	-2.36877141	-0.00681704	-0.88103677	-1.86961179	-0.0004013	-0.58368631
SLC38A5	-1.16915491	-3.643e-05	-0.34057966	-1.70797479	-0.0790287	-0.80200949	-1.30140145	-0.05743015	-0.50009539
SLC6A14	-1.31049307	-0.07632167	-0.70015147	-1.89285815	-0.30086738	-1.07939236	-1.42241019	-0.2320363	-0.80969626
SLC6A8	-1.0420853	-2.288e-05	-0.2622773	-1.57878347	-0.07746252	-0.71128466	-1.17471526	-0.05978785	-0.43384672
SLC7A3	-1.14947931	-2.81e-06	-0.33375619	-1.70998787	-0.08298521	-0.71234154	-1.28468733	-0.05856572	-0.5146903
SLC9A6	-0.96860687	-1.013e-05	-0.29265314	-1.49424391	-0.06314673	-0.62651127	-1.09444635	-0.05520393	-0.39831381
SLC9A7	-0.97268112	-0.00010072	-0.36195435	-1.49168689	-0.06767879	-0.65642532	-1.10011021	-0.05619627	-0.35552643
SLITRK2	-1.7537098	-0.53963298	-1.17687525	-2.37192581	-0.84893282	-1.46252327	-1.84392464	-0.71533753	-1.29116775
SLITRK4	-1.30173064	-0.0826972	-0.71369967	-1.88179005	-0.30540252	-1.05432887	-1.41223094	-0.23386973	-0.82777133
SMARCA1	-1.12539407	-0.13197586	-0.64501469	-1.70149131	-0.36598662	-0.96701887	-1.20931326	-0.29906947	-0.79207434
SMC1A	-0.74076649	-1.92e-06	-0.08626422	-1.21008542	-0.046503	-0.47742668	-0.85461739	-0.03957324	-0.30446831
SMIM10	-5.70191887	-0.23406401	-1.00455629	-6.24015175	-0.40387631	-2.11544919	-5.88620629	-0.32354704	-1.91422464
SMIM9	-5.21256012	-0.00023977	-0.65433017	-5.7443424	-0.11085013	-1.10426407	-5.36771187	-0.0088293	-0.79172855
SMPX	-5.31894325	-0.00011483	-0.70577167	-5.87048178	-0.14875838	-1.10268063	-5.49844397	-0.0423945	-0.84091714
SMS	-1.48169245	-0.10332812	-0.82615722	-2.06878882	-0.34141805	-1.16986359	-1.59279385	-0.25707741	-0.92938472
SNX12	-4.60291674	-4.754e-05	-0.58815859	-4.85699858	-0.00495069	-1.0308634	-4.580182	-0.00305248	-0.72624934
SOWAHD	-5.49889578	-0.04455438	-0.82460321	-6.08145403	-0.25317992	-1.27105942	-5.72206594	-0.15108881	-0.95443378
SOX3	-5.0408873	-2.869e-05	-0.61693376	-5.29546646	-0.02398425	-1.08242405	-5.05963898	-0.01239338	-0.76709259
SPACA5	-5.58094112	-0.11046751	-0.84858538	-6.17080734	-0.31657619	-1.35966434	-5.79588955	-0.21779421	-1.01825717
SPANXC	-5.65780613	-0.18365585	-0.90618128	-6.20860335	-0.35457697	-1.47449382	-5.85102703	-0.27934229	-1.07379997
SPANXD	-5.8691744	-1.10316254	-2.80102427	-6.35385635	-1.29062816	-3.58936974	-6.02240545	-1.20926639	-2.98560494
SPANXN1	-5.6073162	-0.12369762	-0.85340655	-6.17246218	-0.32547682	-1.37311616	-5.8127263	-0.22882363	-0.98170938
SPANXN2	-5.56654395	-0.10083674	-0.9181724	-6.143071	-0.31227142	-1.33362671	-5.78076832	-0.20974621	-1.05587137
SPANXN3	-5.58218146	-0.11888182	-0.93861681	-6.15980192	-0.31823338	-1.42380857	-5.79111444	-0.22111714	-1.10224665
SPANXN4	-5.64230089	-0.17163416	-0.99379447	-6.19784503	-0.36463535	-1.44438409	-5.83895341	-0.27251091	-1.1343577
SPANXN5	-5.60869021	-0.12870211	-0.86800844	-6.1807612	-0.33196987	-1.32964276	-5.81238427	-0.23316771	-0.96779765
SPIN2A	-5.78492579	-0.6949206	-1.55305635	-6.26918405	-0.93124718	-1.96721611	-5.94198301	-0.81134346	-1.67754182
SPIN2B	-5.19458052	-0.000255	-0.6531462	-5.71608082	-0.10016155	-1.0866223	-5.3465596	-0.00581681	-0.78044434
SPIN3	-4.41625934	-2.91e-05	-0.57365901	-4.82707893	-0.00348488	-1.02389577	-4.54331687	-0.00260532	-0.69803904
SPIN4	-4.93262801	-2.21e-06	-0.58927697	-5.38688187	-0.02186321	-1.03630815	-5.07430884	-0.00399495	-0.73622296
SRPK3	-1.35466213	-0.0881569	-0.7497987	-1.95275234	-0.31247319	-1.12564274	-1.46614977	-0.23799778	-0.84821166
SRPX	-5.45746696	-1.20920435	-1.81375296	-5.91643496	-1.54553326	-2.19295613	-5.59946149	-1.37142976	-1.91254064
SRPX2	-1.5110294	-0.4372525	-1.0265268	-2.11768469	-0.71993498	-1.33864636	-1.59262001	-0.61622312	-1.11150332
SSR4	-3.2714559	-6.279e-05	-0.50649268	-3.58753095	-0.0105892	-0.95670582	-3.36763251	-0.00732349	-0.69741471
SSX1	-5.84048234	-1.83921208	-2.74805518	-6.42500624	-1.98106617	-3.7819089	-6.00129645	-1.93745318	-2.92617782
SSX3	-5.78613795	-1.29905034	-1.94533868	-6.24821781	-1.55226131	-2.43655352	-5.9272741	-1.42144527	-2.04213124
SSX4	-5.44044721	-0.01574507	-0.8102479	-6.04197835	-0.23593737	-1.22316924	-5.67498002	-0.12898388	-0.94751946
SSX4B	-5.40446795	-0.00026243	-0.73954526	-6.00856829	-0.20113712	-1.19238359	-5.6428495	-0.10133244	-0.87634779
SSX5	-5.84619351	-2.02657963	-3.07809462	-6.32825036	-2.2450442	-3.64616094	-5.9878982	-2.13979191	-3.09841485
SSX7	-5.8689429	-1.93905299	-3.62938152	-6.36571221	-2.1320114	-3.94623571	-6.00804436	-2.04178442	-3.68889679
STAG2	-0.71686278	-2.7e-07	-0.07413902	-1.17744773	-0.03945345	-0.47319098	-0.82562652	-0.03610118	-0.30876313
STARD8	-1.56575582	-0.45839969	-1.05409034	-2.17576128	-0.74706257	-1.36368971	-1.64885442	-0.63353309	-1.18205986
STS	-1.18201713	-1.267e-05	-0.36424864	-1.74227667	-0.08287452	-0.74964336	-1.31532518	-0.06061683	-0.52988176
SUV39H1	-1.17316454	-5.51e-06	-0.36747567	-1.72296127	-0.08690989	-0.70088872	-1.30453159	-0.06020851	-0.4657861
SYAP1	-1.22303657	-6.41e-06	-0.36583948	-1.78430466	-0.08527066	-0.79825814	-1.35753886	-0.06238577	-0.56768787
SYN1	-1.44408746	-0.0981354	-0.83673853	-2.0290153	-0.34786667	-1.2072038	-1.5523344	-0.25233281	-0.90082548
SYP	-1.22445399	-1.368e-05	-0.42948155	-1.78872436	-0.07747002	-0.77132714	-1.3586122	-0.05979796	-0.47830477
SYTL4	-5.64037313	-1.53803732	-2.26318781	-6.09168116	-1.84569074	-2.64989014	-5.77564385	-1.68284951	-2.41358861
SYTL5	-1.84432682	-0.75900472	-1.29830217	-2.44021044	-1.0741631	-1.56141565	-1.93330365	-0.95653859	-1.40791552
TAB3	-1.88355848	-0.76974479	-1.28474577	-2.4676246	-1.08372156	-1.60936192	-1.9807845	-0.96751219	-1.41988219
TAF1	-0.64486817	-1.732e-05	-0.06363267	-1.08696158	-0.03171668	-0.4220608	-0.74664703	-0.03163321	-0.255546
TAF7L	-1.08513767	-5.269e-05	-0.33188296	-1.62857826	-0.0777871	-0.75110528	-1.21692261	-0.05750567	-0.47042945
TAF9B	-5.90384864	-2.02212792	-3.82023482	-6.39417438	-2.1924875	-4.10760166	-6.04707175	-2.11679107	-3.99355101
TAZ	-1.22784457	-2.57e-06	-0.37679436	-1.77862796	-0.07652169	-0.83200892	-1.363631	-0.05783529	-0.50635216
TBC1D25	-1.67379064	-0.5189542	-1.15935387	-2.28869307	-0.81458586	-1.4574043	-1.75251833	-0.6890989	-1.25504258
TBC1D8B	-1.42868097	-0.39237472	-0.92764792	-2.02699942	-0.65441037	-1.26266471	-1.51568424	-0.57631473	-1.0951021
TBL1X	-0.89934537	-1.667e-05	-0.21032576	-1.42796625	-0.06093391	-0.62126899	-1.0252261	-0.05057645	-0.31599886
TBX22	-1.12499975	-4.622e-05	-0.37365464	-1.67787113	-0.08075333	-0.77201093	-1.25728918	-0.05952537	-0.48545431
TCEAL1	-5.37825614	-0.0001166	-0.69143737	-5.97859798	-0.18885079	-1.14700119	-5.59910572	-0.08546742	-0.83647377
TCEAL2	-5.64816391	-0.17763446	-0.89535641	-6.20014072	-0.35937595	-1.54481658	-5.84228364	-0.27570999	-1.05672635
TCEAL3	-5.12851709	-1.99e-06	-0.62651378	-5.53367136	-0.05737929	-1.03708292	-5.2550815	-0.00301666	-0.74988427
TCEAL4	-5.0454028	-1.081e-05	-0.63848572	-5.52929423	-0.05723603	-1.02730707	-5.31147213	-0.01166631	-0.76937781
TCEAL5	-3.99902768	-0.0001043	-0.57858001	-5.10711502	-0.00553683	-1.00644707	-4.33931457	-0.00525241	-0.70951143
TCEAL6	-5.51219076	-0.06130585	-0.80417194	-6.09777437	-0.28258127	-1.31166915	-5.73491346	-0.17301504	-0.93140818
TCEAL7	-5.49780822	-0.04680731	-0.80529092	-6.08859595	-0.25334452	-1.29119973	-5.72487348	-0.15516686	-0.95697014
TCEAL8	-5.42731549	-0.00253326	-0.75984246	-6.04054409	-0.2116131	-1.2423606	-5.66661438	-0.11196139	-0.91818079
TCEANC	-5.85780227	-2.09535875	-3.37652761	-6.34183714	-2.29556887	-3.66186137	-6.00036319	-2.2045406	-3.50152593
TENM1	-1.18273773	-0.36183749	-0.78840898	-1.80901419	-0.64135091	-1.11783725	-1.24874625	-0.56097482	-0.9468038
TEX11	-0.84760568	-2.081e-05	-0.1546099	-1.36220687	-0.06176347	-0.60528435	-0.96761524	-0.04852462	-0.31822927
TEX13A	-5.64328303	-0.48590391	-1.46603388	-6.12345502	-0.7719009	-1.83644768	-5.80332893	-0.61489671	-1.59567508
TFE3	-1.08596681	-8.75e-06	-0.37957695	-1.6416735	-0.08061583	-0.72791072	-1.22081868	-0.05795165	-0.44704115
THOC2	-0.70890953	-1.509e-05	-0.12525399	-1.18574394	-0.03977717	-0.4929941	-0.81881791	-0.03692666	-0.29509195
TIMM17B	-1.48326215	-8.35e-06	-0.47527208	-2.07301342	-0.05204062	-0.89113984	-1.60492857	-0.0303427	-0.57870078
TIMM8A	-5.06499696	-7.226e-05	-0.61698489	-5.5607842	-0.06254692	-1.04196901	-5.21508251	-0.00691999	-0.74825072
TIMP1	-5.56912035	-0.3853299	-1.37888974	-6.05269875	-0.6746008	-1.73173895	-5.73757701	-0.52238438	-1.49311054
TKTL1	-0.98014284	-3.27e-06	-0.22306194	-1.50187315	-0.06994411	-0.68922425	-1.10728397	-0.05624172	-0.38704539
TLR7	-1.03707106	-2.904e-05	-0.29105974	-1.55539763	-0.07839579	-0.66310187	-1.16869176	-0.06219189	-0.40751121
TLR8	-1.71647218	-0.52592753	-1.17861785	-2.33706123	-0.82949256	-1.46183009	-1.79947759	-0.6999435	-1.26544628
TM4SF2	-3.72122992	-0.00074522	-1.02894754	-4.80128307	-0.25667689	-1.38944199	-3.85212805	-0.11571608	-1.163658
TMEM164	-1.84587125	-8.95e-06	-0.46807546	-2.42910944	-0.0060017	-0.88698264	-1.94634991	-0.00479412	-0.61824646
TMEM185A	-3.42738213	-0.00028163	-1.01403234	-3.96857828	-0.20446315	-1.36408068	-3.59816187	-0.08760116	-1.16205176
TMEM187	-5.84049748	-1.55812574	-2.79265322	-6.31729879	-1.7842339	-2.97953852	-5.97704295	-1.665463	-2.78151356
TMEM255A	-5.34270829	-0.76169721	-1.51806352	-5.80058134	-1.10862459	-1.85703487	-5.49254124	-0.92496256	-1.620425
TMEM257	-5.53547097	-0.08162472	-0.83416909	-6.12518273	-0.28787699	-1.31557166	-5.75081845	-0.19164006	-0.95867518
TMEM27	-5.81688762	-1.42392066	-2.13093049	-6.28603966	-1.65699831	-2.57455517	-5.96062033	-1.5385184	-2.2737213
TMEM31	-5.8972989	-2.1467041	-3.99390258	-6.3900333	-2.31854294	-4.54904722	-6.04114384	-2.2472404	-4.18855565
TMEM35	-4.84245776	-9.075e-05	-0.58813532	-5.16141337	-0.00851329	-0.99029691	-3.94126406	-0.00741838	-0.74075845
TMEM47	-4.21000474	-7.06e-06	-0.60314828	-5.28996972	-0.00181955	-1.04277873	-4.29043665	-0.00116288	-0.71760841
TMLHE	-5.69709697	-1.33117108	-1.97880778	-6.17517488	-1.61832464	-2.41318335	-5.83933386	-1.46685254	-2.10442827
TMSB15A	-5.58217972	-0.11522787	-0.80774845	-6.15976072	-0.3077646	-1.34176391	-5.78816865	-0.22048594	-0.98412539
TMSB15B	-5.59671039	-0.11654672	-0.80426765	-6.17014261	-0.30619502	-1.3742119	-5.807541	-0.21831512	-0.94160204
TMSB4X	-5.53776867	-0.08403457	-0.82576161	-6.10866899	-0.30269209	-1.31209722	-5.75313044	-0.19573892	-0.93435308
TNMD	-1.58382676	-0.11111696	-0.88560027	-2.18208967	-0.34240776	-1.18890368	-1.70065742	-0.26313194	-1.00303476
TRAPPC2	-4.42584641	-7.37e-05	-0.63472639	-5.15251737	-0.00518468	-1.05930696	-5.16519018	-0.00473782	-0.74642227
TRMT2B	-5.73337225	-1.7412222	-2.61004276	-6.19773644	-2.00620517	-2.98769815	-5.87294321	-1.87175625	-2.73262276
TRO	-1.50028025	-0.28616691	-0.94721165	-2.08668561	-0.54958209	-1.2804069	-1.59179504	-0.4514173	-1.09871608
TRPC5	-1.1694362	-0.05101113	-0.65761456	-1.73580412	-0.25522671	-0.95030279	-1.28616704	-0.20475664	-0.77043782
TSC22D3	-3.89553592	-0.00011299	-0.55694486	-4.31528956	-0.01005488	-0.98455057	-4.0136087	-0.00536792	-0.70553371
TSPAN6	-5.77123131	-1.24642452	-1.85529766	-6.24327362	-1.51244659	-2.21754639	-5.91586638	-1.37564986	-1.95809918
TSPAN7	-4.74312335	-0.00039232	-1.0660667	-5.06804425	-0.29213147	-1.42084082	-4.88295415	-0.14194503	-1.19836554
TSPYL2	-1.16000544	-3.445e-05	-0.30428913	-1.7010996	-0.0778833	-0.74589437	-1.29097121	-0.056378	-0.48483058
TSR2	-4.8906375	-0.00013863	-0.62644884	-5.14502756	-0.00807695	-1.00128071	-5.00595913	-0.00521252	-0.74784588
TXLNG	-1.02977297	-2.312e-05	-0.32129385	-1.55959149	-0.07534383	-0.61574787	-1.16146136	-0.06146244	-0.41365247
UBA1	-0.74875884	-1.127e-05	-0.07964253	-1.2227612	-0.04353204	-0.50251345	-0.85834256	-0.03660418	-0.32285398
UBE2A	-4.33405405	-3.573e-05	-0.58574632	-4.99820893	-0.00398916	-1.00865728	-4.86888761	-0.0022039	-0.70948001
UBL4A	-5.17501438	-0.00019872	-0.62544894	-5.68538314	-0.07993901	-1.08389915	-5.33014067	-0.00903256	-0.76290856
UBQLN2	-1.48239414	-3.125e-05	-0.46057118	-2.06430426	-0.05655724	-0.81806254	-1.59871033	-0.0304452	-0.59930529
UPF3B	-0.93551074	-6.284e-05	-0.28311474	-1.46362346	-0.06657734	-0.66413123	-1.05963154	-0.05113587	-0.38563107
UPRT	-1.2235487	-6.78e-06	-0.3902238	-1.77927825	-0.08405504	-0.79129785	-1.35697246	-0.0580535	-0.49578817
USP11	-0.81232299	-7.94e-06	-0.14131844	-1.31550388	-0.05543966	-0.51624827	-0.93101576	-0.04646137	-0.30438019
USP27X	-3.1624708	-2.551e-05	-0.51230326	-3.56851238	-0.00777797	-0.93955894	-3.26397394	-0.00659949	-0.61898173
USP51	-1.64110407	-0.10077075	-0.91408566	-2.24081435	-0.34318416	-1.23382666	-1.76176128	-0.25394384	-1.03298285
USP9X	-0.56726598	-3.91e-06	-0.05235336	-0.96583515	-0.0264274	-0.34554854	-0.66204251	-0.02604818	-0.24509794
UTP14A	-0.87101787	-1.095e-05	-0.17974759	-1.38363273	-0.05822394	-0.52273115	-0.98817187	-0.04888127	-0.32056074
UXT	-2.62017071	-8.549e-05	-0.54858707	-3.76762217	-0.00271689	-0.94891448	-2.76851238	-0.00211848	-0.67990063
VBP1	-2.75639553	-1.045e-05	-0.56040741	-4.13933794	-0.0062836	-0.96890473	-2.78045948	-0.00390466	-0.72336546
VCX	-5.66102521	-0.18868004	-0.95792856	-6.21315724	-0.36408346	-1.62779639	-5.85068156	-0.28155596	-1.11734322
VCX2	-5.68671862	-0.22815187	-1.09110471	-6.23754249	-0.40383446	-2.19281222	-5.87034559	-0.32326728	-1.99803415
VCX3A	-5.70593803	-0.24249742	-0.99984167	-6.24612683	-0.40993339	-3.40820785	-5.88892379	-0.32970492	-1.22106976
VCX3B	-5.65787179	-0.18728271	-0.94461964	-6.20767993	-0.38260745	-1.90485112	-5.84993731	-0.28811593	-1.04316644
VGLL1	-4.41995531	-4.48e-05	-0.57112987	-5.19011205	-0.00861596	-1.01127127	-4.48603218	-0.00482963	-0.72094644
VMA21	-5.38298091	-2.595e-05	-0.73455626	-5.9824141	-0.18798957	-1.18437143	-5.60465846	-0.08469198	-0.89134364
VSIG1	-1.18747015	-4.613e-05	-0.32512039	-1.73466411	-0.08159088	-0.74657716	-1.31935118	-0.06303093	-0.47791782
VSIG4	-5.83120805	-2.03893759	-3.51157802	-6.41589305	-2.17632784	-3.8197548	-5.98691313	-2.14366932	-3.44488479
WAS	-0.98825437	-9.8e-07	-0.28773393	-1.51720341	-0.07362438	-0.69636114	-1.11560172	-0.0566067	-0.40104174
WBP5	-5.48857593	-0.04327416	-0.76939441	-6.08815804	-0.25941286	-1.2422993	-5.7197978	-0.15670652	-0.91864461
WDR13	-1.19525909	-5.57e-06	-0.4229594	-1.7404756	-0.08058108	-0.78181277	-1.32682526	-0.06103207	-0.50796145
WDR44	-0.87119666	-5.3e-06	-0.17728261	-1.37433436	-0.06121897	-0.58222927	-0.98578026	-0.04967266	-0.3395846
WDR45	-1.12171025	-2.731e-05	-0.31689262	-1.67180157	-0.08387808	-0.68592918	-1.25309436	-0.05919107	-0.50437535
WNK3	-0.90794309	-0.01355114	-0.45133246	-1.47394587	-0.18175869	-0.7100169	-1.02949273	-0.1514754	-0.57249933
WWC3	-1.21168728	-0.15604018	-0.68646385	-1.78534262	-0.39467617	-1.05010168	-1.29888932	-0.32257479	-0.8282634
XAGE3	-4.11491879	-0.00017155	-0.56176435	-4.54070172	-0.00736642	-0.97778351	-4.21239614	-0.00570286	-0.67223423
XAGE5	-5.35018958	-0.46037425	-1.3350533	-5.79834211	-0.79440024	-1.68036729	-5.50103919	-0.61062028	-1.45326443
XIAP	-1.69851612	-0.32147624	-0.98320099	-2.2702408	-0.60163296	-1.39592586	-1.7951186	-0.48543788	-1.14027824
XK	-1.48764456	-1.52e-06	-0.49668234	-2.07832975	-0.04882282	-0.80054853	-1.6042443	-0.02658876	-0.60864647
XKRX	-1.77495457	-0.0720052	-0.92945934	-2.37523901	-0.31970553	-1.26939607	-1.90688392	-0.22524535	-1.04095791
XPNPEP2	-5.80731359	-2.04858454	-3.07176133	-6.33305252	-2.19046494	-3.68907003	-5.95647158	-2.15059224	-3.57523653
YIPF6	-2.48300833	-3.442e-05	-0.51247031	-3.12446673	-0.00195307	-0.87542321	-2.54747577	-0.00185539	-0.65390979
YY2	-3.71762709	-2.229e-05	-0.56024218	-4.22296097	-0.00408192	-1.029842	-3.91306014	-0.00381478	-0.70372791
ZBTB33	-1.26614556	-2.412e-05	-0.36297095	-1.81475399	-0.0803471	-0.80908949	-1.39964799	-0.05515493	-0.51993052
ZC3H12B	-0.91228459	-1.265e-05	-0.21096173	-1.42854591	-0.06591526	-0.60043403	-1.03755126	-0.05443221	-0.31768751
ZC4H2	-2.17558316	-2.497e-05	-0.48574772	-2.74885405	-0.00702389	-0.90626274	-2.27068134	-0.00431365	-0.64707723
ZCCHC12	-1.64774846	-7.013e-05	-0.43809095	-2.24691745	-0.02114789	-0.92442751	-1.74807831	-0.00243211	-0.58222108
ZCCHC13	-5.84428055	-1.67225168	-2.95123697	-6.32843257	-1.87238136	-3.04435906	-5.98427984	-1.77893311	-2.77969691
ZCCHC16	-5.8881609	-2.09397477	-3.38563259	-6.38399901	-2.2761503	-3.89150567	-6.03327346	-2.19980269	-3.55293128
ZCCHC18	-4.96652931	-6.61e-06	-0.60611922	-5.45860553	-0.00281735	-1.02727538	-5.13783451	-0.00145679	-0.75055528
ZCCHC5	-5.87498134	-1.83524012	-4.84512766	-6.48130707	-1.94385829	-5.13053616	-6.03435397	-1.92367295	-4.95828642
ZDHHC15	-4.28109679	-0.56482807	-1.42910425	-5.2225694	-0.9342086	-1.77238044	-4.42557717	-0.73776706	-1.53526731
ZDHHC9	-1.13066245	-2.87e-06	-0.34269763	-1.68867121	-0.08713133	-0.68289015	-1.264279	-0.05989614	-0.45455267
ZFP92	-3.52736475	-6.066e-05	-0.55093939	-3.82267609	-0.01200079	-0.96665849	-3.52988331	-0.00650269	-0.67410156
ZFX	-1.06729104	-1.111e-05	-0.2773156	-1.60298136	-0.07212671	-0.66539563	-1.1997578	-0.0550707	-0.42734809
ZIC3	-2.59755903	-3.812e-05	-0.53513942	-3.09115464	-0.00359429	-0.91565347	-2.69121068	-0.00326408	-0.69328538
ZMAT1	-2.05438922	-0.50896769	-1.25949824	-2.71653923	-0.85563519	-1.58918082	-2.15181275	-0.69287015	-1.37631171
ZMYM3	-0.7773278	-1.11e-05	-0.13079591	-1.27092867	-0.04681788	-0.53886242	-0.89100145	-0.0402472	-0.30681511
ZNF157	-5.62485485	-1.23570506	-1.91286965	-6.08871712	-1.54064767	-2.29436699	-5.76745751	-1.38230343	-2.03165568
ZNF182	-1.07913856	-3.98e-05	-0.2850567	-1.62177177	-0.07651672	-0.65169499	-1.21006603	-0.05586859	-0.4337995
ZNF185	-5.76723926	-1.87206169	-2.90829714	-6.23990745	-2.11916448	-3.29098563	-5.90774609	-1.99903784	-3.06061292
ZNF275	-4.44374601	-0.65281247	-1.47231624	-5.51858525	-1.00718571	-1.81692409	-5.48196282	-0.82146855	-1.57928052
ZNF280C	-0.99644546	-9.71e-06	-0.25007455	-1.52268183	-0.07085256	-0.66000067	-1.12331121	-0.05484403	-0.42019296
ZNF41	-1.77973655	-0.32930335	-1.0527204	-2.3660817	-0.60224212	-1.40716261	-1.87960215	-0.48601174	-1.14666928
ZNF449	-1.07991557	-1.314e-05	-0.38332322	-1.6052361	-0.08199026	-0.70143031	-1.21172604	-0.05945538	-0.47889456
ZNF630	-5.70283315	-1.33143679	-2.02270306	-6.17788831	-1.60792043	-2.43216951	-5.8478754	-1.46661596	-2.11352522
ZNF674	-5.93486702	-2.69426809	-4.23783206	-6.57948879	-2.77378804	-5.19789796	-6.09775011	-2.77337177	-5.12732421
ZNF711	-0.96774205	-1e-07	-0.22786957	-1.50740708	-0.06847696	-0.62673408	-1.09673407	-0.05398425	-0.34800652
ZNF75D	-5.79732072	-1.89384198	-2.93933236	-6.3210567	-2.04333323	-3.60729575	-5.95169622	-1.99853546	-3.00642639
ZNF81	-1.16283377	-1.177e-05	-0.40073812	-1.71641139	-0.08514274	-0.76541063	-1.29796927	-0.06137611	-0.50839801
ZRSR2	-0.94125098	-6.89e-06	-0.26644279	-1.45952566	-0.06512952	-0.59575677	-1.06735368	-0.05468302	-0.43470376
ZXDA	-5.04325202	-0.08062952	-1.11395913	-5.58001395	-0.3973352	-1.489169	-5.2441245	-0.22622125	-1.25189985
ZXDB	-1.94055875	-1.78e-06	-0.46803964	-2.53675129	-0.00524196	-0.87380621	-2.03304593	-0.00298585	-0.58136539
